pushup%20(1001)_jpg.rf.0eba943789efae515b5c2546dd2bb9d2.jpg,326.33826,348.29105,-171.87425,337.3922,344.66425,-169.77364,337.88403,343.56128,-169.86186,338.45767,342.18857,-170.04388,336.23633,342.80054,-190.71083,335.9088,340.3262,-190.73244,335.64313,337.4377,-190.70003,333.90228,318.6573,-136.4447,330.6144,313.9477,-228.45874,316.56827,342.91183,-153.94199,316.15784,340.65063,-180.53154,307.66077,291.53693,-82.56868,259.27914,265.50348,-212.37128,262.3358,284.75937,25.749395,177.28029,289.3967,-182.96213,268.6149,334.7116,59.51069,197.37234,371.05792,-158.24669,282.0474,343.78293,51.475857,207.77527,386.47153,-186.09375,282.01205,345.47375,27.77411,218.04282,382.8047,-180.54733,278.21216,341.36267,49.952972,215.98967,377.0916,-157.26547,173.81737,277.98508,43.406754,157.92068,242.91087,-43.137222,81.735214,287.1145,122.63194,60.292866,260.35532,44.537075,38.678192,268.44537,255.9421,14.610197,251.6411,165.8808,30.974926,256.06122,269.67322,14.371032,241.9832,178.21735,14.522037,297.45465,259.96616,-4.6867027,278.14166,153.48146
pushup%20(1003)_jpg.rf.a1fc872cbcd7a7030d3af186f36fd99e.jpg,330.32114,350.5866,-200.97304,338.15845,345.49625,-197.78468,338.8498,344.7596,-197.87619,339.67477,344.0376,-198.05656,336.62,344.05923,-216.5162,336.18793,342.15277,-216.5311,335.77103,339.8959,-216.49829,333.9099,320.15454,-156.53644,328.59998,314.6287,-238.71269,322.70337,347.325,-180.27399,321.21918,344.84448,-204.08073,303.89618,292.05368,-83.420456,255.40549,283.64606,-221.77675,265.42596,284.6845,22.254204,182.67531,299.93182,-183.41669,268.12643,333.91467,53.053463,195.33627,373.9891,-148.24194,280.75528,343.16238,49.74307,207.85435,387.93665,-170.91449,280.38113,346.18643,28.457142,217.22414,382.94345,-169.80997,275.34753,341.3053,44.74104,214.72852,379.27905,-148.38991,186.2688,254.55878,43.945618,164.66856,241.41986,-43.727345,88.60292,274.42828,85.604744,62.71871,262.2105,15.506754,40.101604,267.57297,202.79099,11.806479,252.1146,115.54062,33.031902,258.18826,215.34067,12.339075,242.95091,126.6803,11.41776,299.8997,207.89261,-4.6900873,277.91342,103.035286
pushup%20(1009)_jpg.rf.c9db720abf490f5319f92e03f1430f3a.jpg,355.87494,315.98764,-76.359924,363.5977,308.4126,-66.778755,363.78848,307.47287,-66.79176,363.95682,306.43027,-66.81048,363.44092,307.03412,-92.11349,363.4795,305.17053,-92.149475,363.45474,303.0235,-92.21671,359.2041,292.8628,-14.623163,358.5255,289.4233,-129.48918,348.2314,313.6002,-53.78464,348.30457,311.55283,-87.12857,319.60864,291.95154,49.55686,310.56543,260.81296,-154.13965,273.1973,263.2874,159.97394,266.334,243.38509,-219.01762,276.88446,301.4435,209.8708,269.8266,328.29398,-250.41286,282.45685,303.38705,220.15933,282.73962,340.75854,-269.73285,284.14554,312.22653,203.13379,286.917,336.84305,-256.26404,283.46466,310.4864,203.8751,282.55563,332.6252,-243.73444,208.64857,297.38977,64.325066,206.2283,274.6424,-64.24604,134.00864,291.94867,58.55481,129.49527,286.5074,-63.64506,59.388126,273.58115,93.71714,48.078476,281.22134,-41.0835,45.342224,260.431,94.54383,36.00222,271.04834,-41.635807,46.36121,301.78006,52.06711,31.006725,321.62787,-103.5227
pushup%20(1014)_jpg.rf.51e485ee87880176a35ae2a74305fe54.jpg,347.25992,267.80762,-109.111496,350.00958,259.46228,-99.436844,349.86392,259.0134,-99.43572,349.6359,258.55133,-99.4822,348.45554,259.4879,-122.64209,347.311,259.0262,-122.65852,346.0653,258.54724,-122.69395,340.9754,255.79623,-46.73806,337.44318,257.0044,-152.3115,341.21246,272.09128,-86.4368,339.72333,271.52338,-117.203835,308.54865,251.61668,31.523384,296.91556,276.79538,-182.07222,280.55893,256.45184,194.9183,268.8163,292.91507,-222.7274,286.635,279.46368,322.13834,276.38498,347.85138,-255.4856,290.36966,278.6504,347.49365,284.3853,362.6389,-288.82507,294.06012,281.03537,325.96783,288.95068,358.65472,-280.81696,291.57578,283.8601,317.97507,285.67853,352.13657,-253.8945,228.81161,273.5197,70.36676,218.60669,288.87408,-70.40237,175.72134,275.92978,221.37697,164.40176,292.46225,15.025525,128.34819,251.44788,385.59915,105.66987,266.4276,125.768616,120.80853,243.36899,402.74237,96.40219,252.56732,136.86194,120.44616,275.17712,394.87384,99.3692,292.55658,100.233345
pushup%20(1018)_jpg.rf.1ce0d2577d476ddd79e338f77aa64b21.jpg,125.166084,292.6708,-107.67093,123.67627,286.30316,-118.76509,124.27677,285.47916,-118.78067,124.95022,284.58374,-118.809044,122.9561,286.19324,-103.56629,123.07657,285.34366,-103.59345,123.2967,284.36978,-103.61516,131.7572,278.23224,-139.9574,129.39847,278.0308,-72.38743,130.68396,292.92285,-112.29125,129.71426,293.13748,-92.831795,169.95457,279.3685,-147.91454,154.55283,270.62732,-23.289085,198.07195,297.03146,-162.92163,174.16016,289.08182,60.260788,193.9626,346.71487,-176.57231,168.98624,317.37225,96.35526,187.87784,354.1897,-197.44339,161.26245,317.4873,96.84139,183.10164,351.35425,-195.53635,163.1166,319.74,81.5379,186.0551,348.78848,-176.23788,165.16267,319.44153,90.40658,235.95644,296.60907,-38.07684,228.479,286.72318,38.02161,287.0933,297.64084,58.829327,268.83536,298.64832,129.45952,326.68872,298.92596,146.87547,315.64304,290.47174,232.77776,333.035,293.07294,155.39433,323.34192,284.0224,243.78911,335.25854,325.06906,125.86968,323.57715,308.52182,233.53467
pushup%20(1020)_jpg.rf.427d027eed4dacf7d7ab4861b0bc1283.jpg,127.28903,320.40295,-76.759094,125.74173,313.65317,-88.993324,126.24209,313.1498,-89.01796,126.82692,312.65408,-89.053535,125.28615,312.59378,-74.39387,125.446526,311.46957,-74.42068,125.73642,310.3947,-74.468765,133.07733,308.30362,-117.90998,131.78493,305.8479,-53.344868,132.0633,321.4294,-84.32104,131.66751,320.2077,-65.83872,163.36479,315.25113,-130.31006,158.4971,287.42422,-11.053332,212.82101,309.74823,-120.92889,190.43825,272.47067,66.366714,194.49055,345.46298,-84.94359,188.22197,302.76398,125.37452,188.31975,352.7998,-92.6972,184.97626,301.9517,131.53615,183.29182,350.6444,-87.5667,181.9825,308.11752,121.76423,185.60204,347.49588,-81.63618,185.12234,305.9067,122.34298,238.54108,314.3425,-44.258778,231.6625,297.83432,44.13922,283.5485,307.37213,58.742016,273.7208,303.30444,144.29965,327.87247,299.38635,145.40053,318.75873,290.10052,251.34639,335.9155,291.71097,154.74954,328.51874,283.92242,262.7084,335.7235,324.29416,137.7777,326.3338,307.43533,263.32367
pushup%20(1022)_jpg.rf.737509bfdc65ea6396b74f34fc2d102e.jpg,136.72678,210.76608,-206.38412,135.80814,203.98315,-210.31,136.94794,202.4162,-210.33095,138.01974,200.97064,-210.39104,133.04723,206.52214,-203.21875,132.29173,206.84775,-203.27014,131.62187,207.09291,-203.30959,140.67072,197.53748,-194.85477,133.11726,204.57988,-163.12158,141.0076,211.01346,-197.08357,138.55887,213.66809,-188.11755,163.22089,201.0146,-182.98459,145.82523,207.79138,-93.769615,187.74489,211.58075,-194.04749,164.28198,223.22887,-26.796011,183.76494,244.02156,-209.70172,161.33682,236.51596,1.631815,181.68866,249.02458,-227.99658,159.7185,239.58202,2.2885432,177.43842,248.49933,-228.64401,158.0619,240.11275,-7.9614286,178.74666,246.65295,-209.94528,159.63269,239.24391,-1.6877779,201.91461,214.77365,-31.043644,192.615,216.78207,30.992897,230.5765,226.02925,59.76236,215.01195,219.33813,131.19333,250.82657,213.13617,157.78247,235.66443,211.41397,243.09203,253.37964,208.708,167.07896,240.0547,207.75404,254.78523,253.68959,228.73402,139.61838,240.2908,218.30624,243.83624
pushup%20(1023)_jpg.rf.386dc9b0b7e45a1231b734b7776c253c.jpg,130.12766,313.48242,-66.501366,128.53728,307.75983,-78.09941,129.01521,307.47406,-78.11001,129.55305,307.23737,-78.12893,128.15068,306.90933,-63.67011,128.37662,306.04053,-63.691936,128.68475,305.28525,-63.72755,134.93906,303.96527,-102.632164,134.2525,301.48456,-38.000957,135.13437,314.69254,-72.181625,134.73392,313.85364,-53.650192,162.64204,309.71637,-123.318054,159.70143,289.28894,14.478424,200.43178,309.77692,-166.86954,189.76596,284.92493,115.80315,191.02037,345.01874,-202.73857,176.62503,310.79858,202.47586,185.96788,352.2885,-221.40292,173.23334,313.97775,213.17894,181.22316,350.3277,-215.4856,171.96321,316.30936,203.77061,183.0019,347.95294,-200.98451,174.3642,316.90454,200.70377,238.73022,317.42877,-46.357788,231.77296,300.2132,46.259842,285.3619,312.76724,50.21555,272.3337,302.85138,153.02711,329.09106,295.5972,124.63939,316.1656,285.87363,263.5101,335.6847,287.63574,132.7427,325.13937,282.40976,275.3341,330.35138,324.22214,109.54517,316.09573,310.29968,274.08755
pushup%20(1025)_jpg.rf.f99e7d9a77fa7bf27e0883894eb41a04.jpg,127.23518,207.47168,-187.5057,127.37973,202.2024,-196.25662,128.16826,201.63141,-196.2511,129.04788,201.02864,-196.27748,126.44008,202.36229,-184.57312,126.561874,201.95766,-184.62817,126.75708,201.48146,-184.6793,134.84262,198.6412,-201.89075,131.63815,198.75552,-149.39682,132.00777,209.35706,-185.82758,130.57861,209.86748,-170.82654,167.28685,201.41367,-191.54173,143.06454,198.76965,-93.026146,194.58345,216.51256,-212.68347,157.7055,210.86945,-16.529722,184.6741,244.31609,-238.48941,155.30981,233.60374,11.177288,180.51517,248.83054,-262.54178,150.66978,238.11717,8.855106,176.82788,247.61414,-261.90384,152.59431,239.7152,-5.917069,177.98006,246.20345,-239.82112,156.07892,239.63506,5.56832,210.1579,207.97699,-34.358574,197.08206,205.80681,34.28502,230.7862,212.94244,92.55184,218.83173,215.58446,154.51102,252.50188,212.90677,227.26692,240.72922,213.72206,297.9368,256.69913,207.92308,240.53435,247.34027,210.6623,313.13733,252.77986,229.55608,210.29636,245.23619,222.8952,297.6362
pushup%20(1027)_jpg.rf.4460151a039a7eddd714b4d5706f5cd4.jpg,131.68156,315.52658,-78.14816,129.87192,309.858,-89.7509,130.26154,309.73505,-89.75044,130.71347,309.6723,-89.76139,129.7778,308.52295,-75.75327,130.1062,307.53247,-75.78032,130.50784,306.59796,-75.81148,136.0795,306.22803,-113.67496,135.55641,303.1132,-50.79762,136.48552,317.16812,-83.63952,136.3967,315.60342,-65.61631,169.49147,310.52048,-125.82686,161.30539,288.3979,-3.8084476,198.69107,301.87195,-156.197,189.60315,273.37158,90.12766,191.63403,343.37363,-180.59192,181.40096,303.22928,164.29518,186.94867,352.21753,-196.50449,175.98074,310.87518,171.69757,181.86719,350.67062,-189.9968,177.04688,309.2125,161.27737,183.69418,347.02814,-178.04745,179.16817,309.70575,161.97015,240.77814,317.6496,-44.64057,233.96298,298.69675,44.532513,286.71677,313.1783,50.61617,275.36496,301.32822,154.33775,330.35052,297.0418,122.26778,316.8733,284.14764,264.03036,337.90826,289.3141,130.10892,327.09467,280.93372,275.6982,332.43042,324.5847,110.0606,318.41815,307.44946,276.96777
pushup%20(1029)_jpg.rf.6b9e1d5ebfa33df868218c9c7c83c11a.jpg,307.16406,373.84888,-157.61116,315.7503,371.1337,-163.25987,317.3429,370.38705,-163.34433,319.05804,369.97107,-163.43698,310.71405,368.80133,-177.88597,308.62842,366.44147,-177.89703,306.45526,363.98666,-177.88991,314.76233,348.49774,-139.9089,298.94443,346.2521,-204.2983,301.82135,367.36084,-141.0029,297.37775,364.83322,-159.56566,313.7208,291.5228,-90.07906,234.1393,316.23984,-180.62419,296.80905,262.1338,42.58194,162.23215,299.81314,-137.6569,293.03027,320.57016,101.0318,200.23625,373.13763,-90.10801,306.1532,331.0582,100.91793,208.03987,390.86752,-105.607605,299.92874,336.01727,85.10228,217.70363,386.9517,-110.01567,292.13428,333.07996,97.11988,217.17934,379.4744,-91.4786,195.81824,243.33177,45.427143,156.97757,251.75073,-45.36097,145.94334,228.41669,211.47742,116.24431,227.65723,133.63426,111.66277,198.32875,390.6611,87.88193,192.95078,314.37207,104.62255,185.29332,413.01764,85.66352,182.19536,336.645,95.54289,228.81793,441.14743,89.123535,228.42764,353.58704
pushup%20(1031)_jpg.rf.219c44aa93b1921158f7f581443169e1.jpg,325.53473,297.5512,-179.13292,332.50198,292.5073,-187.13313,333.66132,290.2026,-187.19858,334.3383,288.82178,-187.33217,329.05923,293.29242,-198.32018,327.60803,292.5597,-198.37828,326.07825,291.7518,-198.42099,329.07697,275.04333,-179.32329,318.14047,283.35406,-228.87761,317.4219,291.02924,-168.73103,313.94537,291.8481,-183.09482,308.92072,227.43925,-124.182884,245.50624,267.12244,-211.48189,298.61353,206.50992,15.42131,190.62111,240.87248,-148.04213,300.95923,267.88916,105.349174,205.46881,304.72607,-103.60608,311.85806,277.92578,107.76142,209.49432,317.15503,-123.615746,308.24316,283.8706,87.957214,218.59662,316.70255,-126.01407,299.41443,281.6959,100.31067,218.1685,311.58643,-105.2051,202.60548,208.5937,48.20678,163.55229,220.45708,-48.06593,180.3664,204.40202,231.59253,128.9116,190.57784,128.1998,147.43645,177.60556,430.4979,101.04297,148.28665,316.62683,140.75151,167.44086,454.62787,100.75943,135.96187,339.61423,137.74475,198.79514,478.98734,98.4808,156.43816,347.89697
pushup%20(1032)_jpg.rf.19a778420d246cfd7925c18af9a9796b.jpg,350.57373,258.94873,-509.09006,355.60608,250.36438,-498.4793,356.56927,249.07692,-498.48337,357.61987,247.5559,-498.50043,352.07434,249.89922,-524.91327,350.29126,248.37213,-525.07196,348.35468,246.57832,-525.14014,352.25763,235.90234,-403.7752,337.11252,234.41475,-523.04913,343.95184,259.80374,-466.59152,340.52002,257.79602,-501.41748,335.54364,215.85146,-278.85846,269.2208,213.12903,-471.22705,323.7739,245.20123,-126.64866,197.82797,236.65071,-460.97244,325.21298,296.52313,-95.643326,230.05382,325.6469,-465.7688,334.39365,302.71515,-108.37593,233.82008,344.00616,-517.1942,331.90115,308.0132,-141.38632,245.55241,338.6371,-514.36816,326.97525,304.56442,-108.239365,245.65698,330.47177,-465.9865,253.30692,250.88214,57.07534,212.88495,243.38779,-57.06032,206.57973,240.7203,361.91656,168.27792,247.72966,220.89023,162.24982,224.793,697.5366,135.06892,221.08679,552.7305,154.6498,216.67526,733.325,134.13182,210.29993,588.06104,143.54253,238.89218,699.9662,117.43722,246.14862,543.6888
pushup%20(1035)_jpg.rf.cc2902a05b975e8a60a5bb20a8e5db08.jpg,121.26721,222.29472,55.15114,118.32168,216.20256,46.03389,118.5397,215.3206,46.004795,118.77107,214.26523,45.994667,118.11481,216.44781,62.856228,118.19663,215.8476,62.835033,118.26959,215.11325,62.78341,123.064674,207.39754,20.120207,121.96268,208.73628,95.33053,125.80172,221.6755,47.36598,125.59111,222.26825,69.08771,147.55241,200.90567,-24.40974,149.67876,200.91705,136.77335,173.50667,219.59903,-68.97806,174.30522,218.29454,198.47002,164.755,262.9993,-71.52314,168.96855,249.91965,221.6034,153.99962,269.6513,-83.54828,161.71852,250.12415,228.44188,151.98355,266.34323,-74.19862,159.90948,250.38028,217.17911,156.11696,263.95538,-67.34727,162.43367,250.93697,216.77103,217.12408,210.81853,-52.62494,218.21593,215.91342,52.6389,273.22662,238.54247,-120.43077,271.78876,237.86389,-30.04559,339.49585,228.33932,-158.41653,334.36118,228.01505,-60.56505,350.8415,219.99702,-162.81976,349.71448,216.02019,-65.45281,352.33612,253.8392,-200.23647,347.40018,250.96812,-100.75765
pushup%20(1037)_jpg.rf.d6f1e514059a529db5b93a58344eebe2.jpg,138.76631,259.58337,-208.19499,133.56355,255.84145,-224.10132,134.00386,254.6577,-224.09444,134.5348,253.34782,-224.12776,132.2555,256.2177,-206.95006,131.7873,255.22383,-207.02084,131.2694,254.05328,-207.10236,138.9229,237.3572,-248.06645,134.40338,239.34291,-171.52509,146.54716,254.69684,-211.41257,144.9559,255.24712,-189.48715,191.06514,228.78548,-240.50623,147.61795,219.27034,-103.03464,237.64018,231.91629,-247.48318,175.0075,235.7969,5.306427,231.73352,293.09662,-256.0948,178.9739,278.7452,35.2001,225.73701,303.76907,-283.81082,168.72444,282.63272,33.548462,218.96136,303.4339,-277.92847,170.35832,285.5662,13.320101,219.77458,300.15857,-254.52003,175.56027,284.56525,27.460793,265.76956,230.74033,-45.69499,241.20734,229.23203,45.499523,299.92523,233.16925,128.3074,282.0439,236.91208,213.28177,332.9868,230.95514,321.24454,312.3292,233.45401,415.99768,337.78952,223.22476,340.50085,319.12012,229.30261,438.45444,334.7146,255.16202,310.69357,313.6371,250.19354,426.68127
pushup%20(1039)_jpg.rf.2c3c595855343de8b3eb80f388c7a51f.jpg,113.74696,297.45358,-269.50266,104.67091,295.34515,-287.32166,104.90071,293.69067,-287.34155,106.020256,290.3747,-287.4329,104.37988,297.0657,-271.4882,104.35368,296.48358,-271.54922,104.155556,295.97488,-271.63275,114.19398,279.28058,-305.88724,105.371735,281.6466,-234.43184,122.6603,288.7912,-269.2606,121.236465,292.90173,-248.80185,153.93777,255.77321,-280.06116,123.7321,256.54944,-154.84792,217.74461,253.15884,-226.68019,169.06676,257.9373,-25.026928,203.96417,294.6191,-149.77492,170.49123,286.48285,48.70385,200.0302,306.09277,-159.72974,169.44653,290.0545,55.25347,189.7601,305.93158,-160.11708,168.64081,294.54022,38.005955,191.18141,301.53796,-146.93205,170.39041,294.00623,43.824043,223.75468,244.85052,-42.673603,207.44084,247.8611,42.575638,273.26273,242.28201,99.75574,238.21906,249.16103,227.61131,294.4004,237.75896,351.75778,267.65704,244.78555,448.72632,297.6436,232.7012,379.31036,274.48337,240.97087,473.0808,301.31128,257.60883,375.53134,270.50238,258.61398,474.64078
pushup%20(1041)_jpg.rf.a7358fc52c06e3e82af056c29b310ac8.jpg,102.399895,258.15067,-254.27628,95.92355,256.26004,-275.76447,96.2317,255.111,-275.79037,96.76913,253.6302,-275.88748,94.63933,256.31216,-256.68863,94.03852,255.12146,-256.71466,93.47777,253.52866,-256.76807,106.69587,238.01901,-314.6506,92.14331,235.35376,-229.19685,109.8209,250.62332,-262.0937,108.791275,250.67303,-237.27786,155.37859,219.49446,-302.0987,103.207054,206.47102,-154.85715,209.10176,240.38055,-305.68924,125.62315,229.01627,-36.007336,199.62292,289.267,-314.37573,123.74542,271.9483,30.248665,194.34407,299.1819,-350.08215,109.716415,280.37897,35.051483,185.64105,298.84552,-349.03085,114.36239,280.82172,11.347286,186.48788,295.94345,-316.15195,120.514465,278.98236,22.452093,215.0635,212.8143,-40.377285,182.86774,209.88101,40.182804,258.10358,227.95831,154.51532,160.59729,241.63437,186.81691,291.28372,222.64836,434.5869,174.61763,263.49512,381.44797,295.541,218.89883,465.4047,183.454,261.1172,402.42178,303.84317,247.29333,451.5312,158.64522,288.04672,396.34497
pushup%20(1042)_jpg.rf.95115282a2287b8bb3dd08136cf03dc6.jpg,124.72661,229.93953,38.220493,121.0165,224.32309,22.550913,121.46193,223.93007,22.550714,121.91701,223.5067,22.537012,120.24512,223.72734,41.05647,120.18732,222.89711,41.056488,120.17468,222.03296,41.060383,127.78207,218.23495,-21.650736,126.185715,215.88475,63.16774,130.54764,231.02771,24.80184,129.66095,230.85635,49.29822,147.0628,235.26056,-82.53936,150.72375,193.0196,109.6942,150.85582,265.54382,-245.89534,156.71828,171.8662,250.71481,148.66843,296.07086,-376.8707,160.65866,149.02914,409.3774,142.28363,303.8898,-404.37326,161.98953,141.59769,441.2129,139.01123,300.61438,-392.58154,161.04114,143.00826,441.94717,141.76811,297.86182,-374.84363,161.24022,146.87695,415.0884,226.8579,228.7766,-69.07571,227.51294,201.97191,68.872185,282.25314,254.95123,-77.29608,278.94803,225.59409,85.353065,343.47998,249.28056,-104.35025,329.97266,207.41618,103.54544,351.25494,241.22054,-105.49326,340.69836,201.62907,104.38123,361.2461,269.32672,-138.34103,347.31012,224.86597,79.42378
pushup%20(1045)_jpg.rf.fa2bc667538ad57590ebad704efe3d88.jpg,122.067116,248.39877,122.84842,118.25892,244.31384,105.50838,118.48089,244.2229,105.50723,118.71436,244.08472,105.504715,118.16852,242.92116,120.5651,118.30462,241.8709,120.56949,118.46214,240.71725,120.51735,122.66816,238.63307,48.021378,122.43756,233.97404,116.0526,127.31457,249.01543,104.42275,127.281975,247.46849,123.93501,145.72813,253.49648,-25.546188,146.91338,208.48503,134.65193,149.89426,287.93146,-146.72974,153.85129,183.28513,220.80847,149.52278,318.1177,-245.91678,157.88493,163.83824,310.58456,145.3438,324.87845,-274.67926,158.44652,157.47575,328.9684,141.01154,322.64456,-261.6073,158.09132,158.97372,322.3115,143.19316,320.87167,-242.80998,158.45267,161.89621,311.10864,218.99498,233.73343,-55.184036,217.67558,205.30664,55.041183,276.26736,237.08936,-42.186184,273.8276,218.31439,74.76652,331.7403,226.59824,-25.866571,330.03098,215.99121,95.982895,342.3643,220.99051,-24.254618,341.4169,210.59438,97.7756,341.9892,250.79858,-56.732635,336.53357,229.73743,66.671906
pushup%20(1047)_jpg.rf.d47fe26b21f133ec4b4ad9adb53fdd05.jpg,118.34419,254.16191,80.2856,114.1719,250.49164,61.755802,114.37291,250.2562,61.754196,114.60448,249.9799,61.75753,114.01444,249.36601,78.30383,114.10972,248.33499,78.31364,114.2452,247.11426,78.270515,117.98129,243.71109,5.964664,117.53273,239.4178,81.13625,123.243195,253.87119,62.938103,123.271706,252.52908,84.56229,140.22357,256.94992,-59.92109,142.27454,209.60263,106.35414,145.97523,290.94775,-187.60991,150.44753,182.85068,207.31737,146.7778,315.0405,-289.39767,153.7119,161.98405,317.0124,139.81085,320.8689,-314.9551,155.35281,153.952,339.36664,136.66734,317.81696,-303.9986,155.05655,156.14352,335.25034,139.15475,315.0629,-286.78577,155.11931,159.24437,319.37378,216.79564,238.72,-55.421707,214.35365,210.41786,55.219643,272.42136,237.37184,-28.429808,271.16003,219.4751,78.955475,326.96396,223.12218,-0.69828147,326.52124,214.2636,109.95633,341.12027,216.73735,2.6418433,337.46057,210.11374,112.7756,341.5354,242.40631,-24.081644,335.58917,223.34958,86.133125
pushup%20(1049)_jpg.rf.ec2a6cfe5327f32e9d444ccbeeb3589b.jpg,294.72266,317.61935,-193.90012,300.8012,314.49457,-206.94057,302.23315,312.98468,-206.97714,303.53134,311.4284,-207.01405,296.71274,316.0867,-219.2534,295.41974,315.69797,-219.31969,294.15063,315.22943,-219.40146,302.56857,298.3316,-208.08322,290.31595,306.98032,-262.30798,291.92798,311.41046,-184.60678,287.73212,313.187,-200.34601,298.0563,240.04039,-135.78865,241.11731,275.73325,-252.57452,298.64923,186.75197,-3.2785692,186.36647,236.99997,-188.44087,291.13422,213.66714,91.13024,196.8693,310.41937,-88.89211,292.22235,214.14473,94.84201,199.68791,323.6447,-96.71686,287.56003,223.39944,77.38147,210.07811,323.47067,-101.31847,284.89993,223.88858,86.79089,211.03291,316.83716,-87.44398,215.81644,172.3852,45.710472,178.40376,197.31683,-45.75694,179.09286,136.76347,270.56342,118.69614,173.69113,129.62083,149.66045,88.34134,525.1516,68.256485,143.94286,305.45032,142.93317,74.504776,553.905,58.876495,130.04645,325.25302,141.75983,89.43081,553.8396,51.283657,169.78879,307.30273
pushup%20(1054)_jpg.rf.3ace8c020b6638e8c5edd7bee1f81240.jpg,295.37042,304.37964,-177.88895,301.28976,303.72458,-193.38976,302.81827,302.1813,-193.41747,304.24072,300.5594,-193.45625,297.14722,305.82556,-204.929,295.82996,305.751,-204.97556,294.41345,305.4469,-205.03542,304.68036,288.53223,-196.08371,289.64868,298.03058,-247.06117,293.04968,296.92194,-167.99203,288.54633,299.29062,-182.8638,300.84177,229.7612,-130.96217,240.04584,271.69455,-236.26819,307.327,175.66946,9.817628,180.88495,252.03448,-172.4353,307.42953,221.46397,113.51188,198.95035,321.0874,-95.01715,312.33627,223.36145,118.1292,201.92216,335.1841,-107.31039,306.24002,230.90164,104.71751,211.12677,334.89645,-114.31665,301.20724,231.04755,111.26782,212.16945,329.65027,-95.28443,215.48337,166.2868,41.282402,177.95148,191.80553,-41.202435,187.49153,151.80771,295.30606,126.75121,171.9465,175.60861,154.88687,122.903366,556.72504,82.24904,136.0789,370.86215,146.95161,112.31647,587.601,72.56057,119.10151,393.21725,151.27744,143.43115,607.482,70.11972,165.35168,387.24625
pushup%20(1055)_jpg.rf.476240d62e2801539963232ace8fe029.jpg,294.86404,311.5642,-156.7854,300.80203,310.63422,-172.19627,302.3114,308.8609,-172.21767,303.8842,306.8443,-172.24289,296.60007,313.11157,-183.46938,295.18988,313.1699,-183.5191,293.73172,313.131,-183.57895,303.9691,294.0811,-179.43835,288.98434,304.86417,-229.25461,291.44107,302.82755,-149.06258,287.2757,305.97385,-163.38269,299.89474,235.30844,-115.463646,243.75803,275.9418,-221.31015,304.13748,180.77946,16.930912,183.60774,248.06795,-159.67667,302.2855,223.72945,113.56334,198.01768,318.658,-80.10912,305.90845,225.64758,117.86584,200.49263,332.5334,-91.49131,299.86285,233.39868,103.164955,209.89232,332.26984,-96.853615,295.4358,233.07883,110.60993,211.25595,326.54825,-79.77586,214.96056,167.83565,42.29206,179.64264,190.6195,-42.256382,185.16823,149.6876,282.22348,129.36035,170.84575,163.02725,152.3544,102.32004,507.45654,86.51511,137.2478,331.38876,147.8034,93.35944,533.9989,79.85082,121.6431,351.29868,146.83868,116.5699,551.4773,76.19266,160.176,350.95663
pushup%20(1059)_jpg.rf.ae7a5cdd9cdd1e54f5d4ddcb2720926f.jpg,169.78847,313.47577,-5.7931237,166.22408,313.88135,-25.11528,166.86592,313.57562,-25.171677,167.67088,313.26877,-25.23408,164.5379,313.0214,-6.653375,164.00047,312.06204,-6.6471515,163.51056,310.8957,-6.6916904,169.48555,306.9845,-83.33664,163.35884,301.8196,-0.911954,174.34131,308.0385,-23.213093,172.19276,306.44812,0.6063562,197.97682,296.43192,-115.9309,163.86565,255.99686,45.37766,232.83148,280.08444,-128.04391,181.70584,247.07245,150.73267,227.41173,338.81348,-84.71532,175.15964,268.91397,237.39688,222.89041,351.27762,-94.309494,168.59906,272.38675,253.20337,217.34128,350.3615,-88.95519,168.61838,278.0152,245.48718,218.0341,346.61102,-80.555244,173.00925,277.206,235.93413,265.16168,229.9378,-46.898132,245.2599,205.42586,46.792458,316.03296,214.60219,68.1493,287.67584,204.73766,184.36322,349.77814,214.3675,154.31111,306.12955,180.4525,269.03888,359.1876,209.48932,165.34714,310.5613,174.2495,280.6339,353.9282,245.95135,167.01727,308.87408,195.85022,294.99893
pushup%20(1061)_jpg.rf.0f984d5141501b053a9cfdf95415d14e.jpg,167.35025,315.33444,-31.629568,164.49628,316.36188,-48.889057,165.30115,316.43292,-48.925835,166.25836,316.4667,-48.98137,162.18626,314.86627,-32.72523,161.40857,313.87674,-32.736652,160.67975,312.6402,-32.782707,168.44931,310.91064,-96.47858,160.79103,304.18613,-24.662573,172.12671,311.18393,-45.144794,169.21758,308.6113,-24.42205,196.77484,298.7775,-114.06441,160.8848,261.2418,16.582335,231.70642,282.15558,-118.928535,177.75827,246.37657,115.15266,227.4756,338.77005,-86.160164,172.86798,272.0174,190.11249,224.48059,350.83145,-99.03572,163.04137,280.2406,199.67146,217.40877,350.70578,-94.10416,167.25629,282.13126,189.87767,217.2586,347.20425,-83.08949,172.06305,281.30115,187.69257,262.8799,235.57707,-41.526276,241.7763,209.01051,41.42415,305.73807,226.59427,81.60381,271.69104,207.25198,199.84636,348.4178,211.93016,182.0887,299.3557,192.79285,334.24545,359.26068,204.82057,193.96317,305.97388,185.50136,350.42847,354.0636,244.0981,189.78711,301.7257,210.56929,366.62778
pushup%20(1062)_jpg.rf.5a3ef7f6f00bef8fd9672d49734219b6.jpg,123.40863,302.25607,-213.54999,121.10904,302.1454,-228.05295,122.23943,302.06036,-228.02344,123.68779,302.20776,-228.0397,118.671715,301.51254,-214.54121,118.12981,301.08173,-214.59819,117.78804,300.7068,-214.63878,128.91295,298.25513,-246.50711,120.8243,294.77142,-186.13765,129.48405,300.22363,-214.70639,126.73419,299.2319,-197.49733,169.42651,281.37955,-234.79572,127.16032,257.9131,-119.87366,194.71416,273.54755,-208.17381,135.76193,242.38013,18.986464,182.2189,314.39642,-165.99223,133.40703,275.79898,120.348885,177.76422,321.43976,-181.10138,129.70984,279.95334,129.60222,172.95753,319.9868,-182.77577,132.49579,282.61542,115.297485,174.07596,316.45123,-165.6011,136.05663,281.9824,117.62574,215.76881,248.83424,-47.223564,197.24016,238.6717,47.07852,251.01784,244.74095,117.04326,235.27293,236.04729,202.67976,284.65332,229.30591,272.5856,262.4783,220.00905,376.1687,292.29245,221.32271,289.43362,270.86948,213.9768,395.67337,285.58514,254.71196,268.28046,266.27795,243.05984,391.41043
pushup%20(1064)_jpg.rf.d19d754e5eb27823d90a4fe9a5dc431d.jpg,139.77231,222.5313,1.8945143,136.37567,220.06143,-6.798391,136.30574,219.57205,-6.8329473,136.28021,219.0504,-6.8603396,136.54254,220.17842,4.9682136,136.59712,219.77731,4.9765763,136.67493,219.19159,4.9512954,138.48381,215.13603,-29.068466,138.72446,215.11966,23.73078,142.41902,221.0425,-3.9243553,142.75644,221.54622,11.319849,153.29507,209.422,-52.26328,158.1021,200.8532,60.265976,179.6966,208.95476,-93.61783,181.52243,203.99811,110.74405,172.84442,240.30838,-125.88745,176.3696,227.01317,145.5994,167.15512,245.01184,-139.89375,173.66997,227.72115,154.35709,165.19676,243.77448,-127.23225,171.73155,228.68724,145.37364,167.03412,242.31789,-121.277374,172.91154,229.64095,142.47246,212.91039,216.5047,-31.78639,211.34279,209.1208,31.738356,244.87862,213.7181,26.029274,243.79439,212.69003,87.262634,282.14673,212.65045,80.68425,278.38513,209.40036,142.21858,288.43942,208.8668,86.2418,285.44678,207.58499,148.1597,282.8086,230.84335,73.087555,278.88635,226.04239,139.33232
pushup%20(1065)_jpg.rf.11166801548896f6bf146632961fd819.jpg,101.24795,207.87949,74.714745,97.7954,202.61226,65.261375,98.06927,201.93562,65.23152,98.38248,201.23894,65.21359,97.80296,202.36403,81.9135,98.110344,201.52466,81.89573,98.47056,200.59734,81.848305,103.144005,194.48616,35.43996,102.95316,193.69864,110.09403,106.179405,207.47734,65.56393,106.35635,207.44461,87.190895,124.48476,184.65118,-16.370213,131.77658,177.00848,150.42249,156.06181,198.61693,-88.04666,160.04222,194.25278,221.00845,149.68915,240.20786,-136.95778,154.75449,220.98596,278.30695,139.86684,244.78978,-153.35057,149.29004,221.59541,294.5673,137.29025,242.60683,-136.65952,144.80432,224.1195,283.8139,139.54562,241.1423,-130.70206,147.9689,227.3544,275.0397,204.30063,194.03241,-51.260548,208.71744,181.70497,51.26385,260.5354,200.79225,-75.53696,256.95764,197.06857,53.6228,315.75244,197.29391,-87.45327,311.36102,194.42319,57.516716,325.18903,189.42097,-88.82741,323.14774,188.06961,56.759186,317.54126,230.07678,-119.17915,313.06067,223.50333,36.40244
pushup%20(1073)_jpg.rf.80b4dc06730273714e743f31df186ccc.jpg,339.02475,331.41794,-188.69014,344.9353,329.61414,-189.78688,346.26843,328.13327,-189.78224,347.234,327.17572,-189.8342,341.26938,330.8501,-210.77576,340.01465,330.82376,-210.82014,339.03738,329.91705,-210.8382,344.92426,317.49942,-158.1012,335.53687,322.81747,-252.22737,332.24542,325.1028,-168.99327,333.00134,328.01437,-196.43697,327.86533,268.06158,-69.9287,293.8708,301.98172,-259.06287,313.70078,265.95166,94.37936,243.55458,298.48236,-251.5024,312.65506,313.1925,192.84084,261.91232,357.10434,-237.05605,322.61853,321.61075,202.12706,269.5077,368.6746,-265.66376,320.79443,323.55438,179.61319,275.83325,366.36276,-268.70203,315.67795,321.86603,186.42125,274.6078,361.2445,-238.08038,227.39093,254.93643,70.52766,207.89252,274.78842,-70.58707,180.84027,246.05304,270.81018,147.80786,271.83395,98.6095,136.85928,227.84392,487.18277,91.91431,253.5096,267.3202,124.11548,214.57475,510.2556,82.161545,242.6215,284.90405,133.70728,248.84906,506.3746,83.629265,282.8762,261.0658
pushup%20(1074)_jpg.rf.e820d16935d2e48a074525cac44cc87f.jpg,321.38388,328.49356,-217.60123,327.64743,325.79095,-216.85808,328.3133,325.14236,-216.85344,328.62228,324.51242,-216.90164,323.98923,326.548,-237.5243,322.4457,326.3591,-237.58821,320.74628,326.09598,-237.61931,323.5029,314.9015,-178.56905,315.4439,317.3001,-271.57596,313.43555,324.7871,-196.05907,314.2856,325.56528,-223.22672,305.87665,269.55887,-83.54088,272.2241,298.10275,-272.27206,288.89868,257.07413,80.74944,221.71236,288.66257,-271.30124,290.51575,305.89084,177.98982,239.03865,348.9021,-269.98584,299.2369,314.21515,186.41878,245.65698,360.25046,-302.2466,296.99698,317.85608,162.79057,251.76123,358.244,-302.77814,292.18747,316.3188,171.15038,250.7244,353.6343,-270.7292,208.17781,259.74277,73.2124,186.55446,273.5574,-73.29823,153.71729,245.35243,273.152,128.26692,269.86737,93.64792,112.28691,224.92334,494.83502,69.98706,251.02325,264.36975,100.39398,210.64127,518.4376,60.42199,238.8308,281.82214,108.0386,246.6368,512.272,62.54078,281.49573,253.14778
pushup%20(1077)_jpg.rf.8828b3bd67ac0ba067cb6e03fae978c7.jpg,295.99103,292.76392,-113.01248,303.3232,290.176,-112.41437,303.87003,289.08038,-112.41701,304.22562,288.33215,-112.49158,301.89764,290.85428,-133.36424,301.5478,290.28986,-133.40388,301.0367,290.07727,-133.41116,302.97662,278.42606,-89.56291,297.15408,285.00278,-184.47343,291.42477,288.5221,-98.51015,289.68848,289.3191,-126.35028,277.61993,237.77415,-23.835804,260.71878,275.12335,-204.47166,244.16388,238.24226,121.3437,211.01498,274.999,-227.63982,248.63098,294.10605,211.66719,218.17581,339.217,-248.35188,256.66302,301.08466,225.01823,225.97093,351.60336,-280.0131,256.4565,305.3475,199.03581,232.62886,348.44727,-273.15366,252.98584,303.90173,203.88828,229.48486,343.19427,-247.00201,189.38947,245.89732,68.914276,165.98164,258.85742,-68.93164,125.96805,262.7089,199.38416,110.05445,276.84512,69.73901,64.05491,250.27266,357.556,49.153,257.04,214.46288,50.57008,242.13713,373.68845,37.09295,248.14664,229.17332,59.38164,276.899,368.18555,48.5465,292.92792,210.44044
pushup%20(1078)_jpg.rf.e13e0913a946366a053313f80debe365.jpg,335.21133,276.11902,-111.71069,340.2219,272.60864,-114.00057,340.2147,271.42062,-114.02368,340.00763,269.73926,-114.09627,339.10315,275.04242,-134.37874,338.55234,275.51157,-134.39473,337.65182,276.10645,-134.39894,335.9579,260.6823,-102.1898,331.51944,271.94485,-194.14131,329.0267,271.23993,-100.962875,328.04083,273.8915,-127.67771,296.00137,224.474,-44.753822,292.8631,266.73865,-211.30824,254.36542,245.87126,66.87271,236.1915,281.95023,-206.12643,263.96896,304.38925,109.39635,245.47792,343.89346,-198.149,272.01926,310.26398,114.17402,252.26181,356.63876,-226.97461,275.1543,313.52753,85.609314,259.12994,354.50797,-225.32382,271.88458,311.761,99.30064,256.85614,349.78516,-198.44006,204.85907,244.44617,65.13506,195.94746,274.2679,-65.11901,138.32642,256.27866,188.52895,121.34719,271.3632,57.734097,74.4004,256.29782,339.9154,59.974033,266.11896,205.06766,60.474804,246.99461,355.054,50.300415,255.61975,220.15445,74.91821,277.22345,346.99167,57.96176,291.7594,200.75168
pushup%20(1079)_jpg.rf.81cfdca76a2f5b73004c7682cc863623.jpg,344.2895,281.2174,-90.894226,349.1062,274.4666,-90.33889,349.51105,273.85107,-90.35217,349.8506,273.31946,-90.426926,349.2273,278.62317,-112.30736,348.3854,277.87424,-112.31941,348.37683,276.28793,-112.33591,351.0768,262.3979,-68.8134,345.3491,270.595,-167.28651,336.12616,275.6682,-76.533295,335.17545,276.52078,-105.299385,312.23917,219.00533,2.0905666,296.9994,265.94974,-192.97899,275.70978,239.77196,140.2815,250.34752,281.43063,-190.55565,279.44717,296.3394,230.47958,257.1478,345.24725,-181.08867,286.2121,302.5666,246.06258,265.14597,359.55923,-211.74654,289.7297,305.6118,217.34898,271.62802,355.59317,-205.34895,286.1573,304.35236,221.85904,268.73196,350.01285,-179.48232,205.9707,231.00716,70.28097,198.58748,264.57535,-70.30243,129.6637,251.1918,186.99292,115.86052,270.5861,52.687984,59.735252,247.07915,334.22745,43.801132,259.03418,188.30296,46.311073,239.17206,349.14487,30.619099,250.63205,202.07173,57.28631,270.61368,341.2757,42.587704,287.35223,182.1925
pushup%20(1080)_jpg.rf.f0f7c5d0669077785a23f57086041ca4.jpg,311.6331,285.3483,-135.89171,316.479,280.51144,-131.66177,316.64154,279.53162,-131.68648,316.81836,278.46667,-131.76256,315.67554,280.60654,-151.61555,314.89566,279.9457,-151.64732,314.2151,279.2098,-151.65393,313.48282,268.9713,-96.18628,308.13525,273.9545,-186.78978,305.12286,282.98743,-117.86392,304.03403,283.04202,-144.15105,276.38474,232.93567,-38.77008,269.808,272.79517,-205.9092,241.98198,231.26575,79.5398,219.04437,274.87762,-260.96228,260.7161,285.93777,151.31268,239.8392,335.01932,-323.11957,273.6789,292.0548,160.85823,250.3749,344.07635,-358.5129,272.82672,296.59253,136.30904,255.62381,340.13596,-348.41913,269.31293,292.5701,143.62517,251.63263,335.1611,-321.93643,179.20161,267.00568,72.18059,161.31366,286.83707,-72.254196,117.77806,266.96082,213.23213,104.522446,287.75037,56.16318,60.909393,247.52399,375.57077,46.092278,252.80278,210.99094,46.764694,236.44876,391.67572,34.2613,240.24356,227.6003,54.014328,270.88174,383.0819,36.68164,285.03094,204.9307
pushup%20(1082)_jpg.rf.7d9a5046c8535281c4f843d4d1d8db75.jpg,329.39813,288.09836,-121.182755,334.94147,285.55914,-121.6522,335.91766,284.46667,-121.65361,336.89328,283.38373,-121.68848,332.1155,286.3284,-140.29382,331.16635,285.74695,-140.33221,330.21094,285.2233,-140.3838,337.54382,278.48157,-100.17827,327.11368,276.7363,-184.14957,328.30716,286.1276,-107.14286,321.89462,283.98077,-131.74397,315.94336,229.75476,-32.439507,293.83792,269.39313,-201.37529,285.388,212.27995,95.72943,248.12096,237.6441,-230.00891,276.32492,254.2643,176.44022,252.73769,301.49554,-260.1058,277.59418,261.7154,186.50287,258.50897,315.7031,-285.7854,278.737,267.5659,166.62831,265.82745,313.4656,-281.8023,275.9455,266.5641,170.96933,263.38382,307.7345,-259.00323,227.01425,228.33546,70.54365,211.21744,244.17792,-70.64421,170.00682,240.46533,214.23811,148.97993,261.8691,37.85369,119.35513,204.64667,378.01733,92.95464,224.44423,152.02759,109.41113,192.7054,394.42865,83.93722,210.77365,163.35251,114.4897,224.76181,390.2811,82.94401,256.19345,138.95125
pushup%20(1085)_jpg.rf.c2d537d17838dd6394325fadc811620e.jpg,345.38214,329.597,-179.44618,350.44687,322.27713,-174.38022,350.9353,321.11386,-174.38991,351.13147,319.94833,-174.46494,347.6364,322.90295,-195.63556,346.34418,322.1359,-195.67345,344.73776,321.3167,-195.68832,344.00073,311.2319,-127.07619,336.89978,313.3645,-222.24045,340.4615,327.7214,-156.07991,337.93652,328.087,-183.60873,314.58185,271.09277,-54.435635,292.6755,309.00482,-221.6069,288.96652,243.64645,86.180565,236.12766,278.05246,-228.23927,287.68365,303.71585,177.3789,248.85876,344.4368,-234.71384,294.7361,311.30508,186.13129,255.64702,356.164,-263.0751,294.72253,310.69934,164.37154,263.20767,354.0968,-258.01077,293.9095,313.14658,171.18529,262.23898,348.64932,-233.39555,211.24011,272.4518,69.04223,190.84616,291.7549,-69.08161,154.53886,257.87192,230.39026,134.7184,279.30084,80.92956,99.25808,227.26479,404.02484,80.13107,260.24445,251.8573,86.70512,216.84962,422.53506,69.8266,245.88286,270.60782,92.91907,241.1488,416.69244,73.614685,289.15118,251.11867
pushup%20(1089)_jpg.rf.c51063e8cbcb557969108729b34eeca4.jpg,301.60007,339.57678,81.87644,306.73682,335.12982,82.176346,306.56085,334.0157,82.135,306.18118,332.80353,82.08432,306.73773,336.7147,69.72043,306.70493,336.4979,69.71642,306.54544,336.3061,69.703094,301.99243,326.76663,82.61377,303.15155,331.58362,27.749256,296.72562,337.71027,83.600555,296.87933,338.78513,67.84005,268.74155,304.78525,95.49649,278.11017,340.77768,-24.519747,235.5004,287.57434,118.36043,234.96857,347.22125,-37.08816,240.7864,313.68228,152.93707,242.92052,360.1366,-6.5928974,242.99733,317.93362,160.84862,250.73715,365.60675,-5.667581,244.968,323.5118,155.48615,248.88062,360.50946,2.4420161,243.90413,322.59137,151.04132,247.44958,358.98236,-1.8110765,194.66208,310.63553,46.33843,193.28072,327.42267,-46.28533,138.21977,323.3562,37.690086,130.22018,319.34198,-92.67447,129.98404,261.26312,45.943947,126.76095,244.06047,-86.60577,135.78333,242.25865,46.368828,135.20227,237.8831,-83.21858,120.168,245.08058,45.58137,126.96907,212.10431,-81.41012
pushup%20(1091)_jpg.rf.6f5fb3f5990da6c0ec61bca5d6dea42b.jpg,115.84842,328.41794,46.598663,114.14364,324.42758,40.162373,114.49212,323.9466,40.12938,114.79881,323.26736,40.113377,114.02041,324.13187,55.088364,114.290695,323.48752,55.07942,114.55306,322.56998,55.047844,119.66774,318.089,22.035269,119.62024,317.7722,88.30857,120.941055,329.05014,40.19021,121.20992,329.3962,59.47134,138.61302,309.18384,-21.969099,150.09393,308.38138,124.80639,160.49979,320.67468,-80.04941,180.28273,319.70523,185.9466,153.84077,365.33652,-108.34394,172.77538,343.51672,220.59933,145.2879,370.06747,-121.36005,166.41179,344.94888,230.89786,143.2167,367.68542,-110.72589,155.44641,344.4775,222.0743,145.90396,365.61945,-103.57318,159.39024,346.64944,217.74136,211.89182,298.4363,-48.58677,220.2031,306.54007,48.64604,251.05511,346.67343,-162.50322,253.97972,349.09836,-6.963688,309.51187,310.35065,-210.4553,304.44922,324.4476,-24.734919,317.61127,296.83182,-212.96436,315.54318,319.35492,-27.213587,326.89114,323.21744,-232.48294,315.51404,347.60065,-44.589542
pushup%20(1092)_jpg.rf.e5f3994339eeb41e7a851a3fc2618167.jpg,55.53593,296.611,80.51575,52.732002,290.23175,70.13868,53.027786,290.17334,70.092064,53.26114,290.10516,70.09293,52.987743,288.65402,86.77143,53.578968,287.52298,86.759285,54.20245,286.4252,86.7204,58.01392,286.63217,39.939667,59.84713,282.9239,113.82554,61.2192,299.30283,70.48899,61.40058,297.06808,92.01601,75.64771,286.78003,-15.657174,95.316025,263.58282,157.65294,100.6427,301.09906,-94.53183,123.16025,265.01636,233.29074,101.92942,347.32574,-141.3109,113.98951,305.94534,290.80734,92.77934,353.745,-157.4526,108.29692,307.4942,306.1489,90.02806,351.95706,-142.6302,105.07002,312.05933,292.30093,93.35589,348.64645,-134.75377,107.04886,312.9805,286.84302,172.16379,292.85046,-55.556305,177.77858,277.9477,55.650753,227.08427,328.34268,-176.87794,227.29486,320.05444,3.7532144,300.29355,294.4332,-276.5624,296.32227,303.6353,-62.701992,309.7337,278.27823,-285.06436,312.4231,292.7555,-71.43728,314.82944,304.3548,-312.5259,308.6662,331.98022,-93.56695
pushup%20(1095)_jpg.rf.65afb5f7aa42296c96e1bf3fd2d6093b.jpg,70.44746,288.8709,80.7806,67.5585,283.3846,73.71726,68.03105,282.4036,73.68791,68.40907,281.6279,73.705025,66.976944,283.42993,91.91082,67.11337,282.4984,91.8871,67.19859,281.8605,91.8306,73.5631,273.9263,51.272717,72.118385,275.91602,131.86526,76.95537,288.3324,73.26951,76.527855,288.72208,96.54657,101.49785,258.66156,3.0366201,110.36355,266.7256,165.17732,124.427635,295.01666,-49.093548,141.08066,283.2899,218.17566,115.36047,348.14734,-58.35932,140.36118,309.65924,227.1389,106.18718,356.20667,-72.695625,135.39201,311.0601,230.5032,102.19934,352.40012,-60.844162,131.7639,313.36124,217.10995,105.292145,348.97665,-53.258205,133.23477,313.83542,221.14088,188.8844,262.02588,-49.200848,191.45572,281.9283,49.221794,231.90009,297.98444,-207.43475,245.94058,301.1343,-58.133236,320.71234,287.49823,-298.67163,320.76105,292.83582,-134.5581,334.66638,275.48203,-307.6779,335.7606,281.8802,-144.36519,327.96817,321.46927,-360.86484,326.58017,324.93988,-187.7686
pushup%20(1097)_jpg.rf.91974823d86ba92a9178d0f65caf5740.jpg,71.66525,304.42755,39.13102,68.07758,299.005,27.707237,68.42891,298.49237,27.648188,68.72556,297.9804,27.640417,67.834984,298.22708,45.146736,68.11392,297.1229,45.135162,68.374,296.0704,45.079563,73.52861,291.794,-1.8956969,73.46889,290.47345,75.193794,77.77544,304.72037,30.493889,77.93309,303.75513,52.909046,97.75573,284.8648,-45.848866,105.06799,272.51752,121.024994,117.9579,298.1455,-118.36466,132.14633,285.8477,198.6857,113.92503,348.59488,-150.82664,131.29118,314.99036,250.1927,103.40673,352.996,-165.62054,126.89451,317.5208,263.16342,100.886154,351.36545,-151.80167,124.64974,321.06165,249.74077,103.55833,349.63376,-145.15309,126.30642,321.6269,245.32712,190.63245,278.53442,-46.347397,193.15007,279.6897,46.410645,244.73181,296.43152,-167.1282,247.38316,296.6041,-24.101496,323.556,287.5751,-236.05853,320.90662,292.09567,-80.552414,337.53937,274.80695,-243.58281,333.55157,283.41586,-88.467766,328.03885,318.65903,-294.11963,325.6862,322.7233,-126.53462
pushup%20(1099)_jpg.rf.7b77daacb52afd4ed3160520f563a673.jpg,110.07733,253.99583,-102.9279,105.05522,249.82678,-118.41343,105.33226,248.9331,-118.36252,105.61962,248.05014,-118.42568,104.03325,249.7468,-100.59976,103.633484,249.02039,-100.61893,103.23284,248.26447,-100.65238,108.186165,238.91586,-148.74663,104.70429,239.15573,-69.13271,116.14422,250.2196,-110.63996,115.28807,250.66592,-88.06288,145.542,228.59244,-169.78543,126.19101,227.45747,5.7114553,196.71872,227.99825,-156.64345,153.31827,223.71829,112.73797,168.466,265.56418,-81.06534,141.62027,250.16553,202.2659,163.86551,275.6672,-84.78532,137.94775,257.1813,224.46347,156.51665,271.10153,-75.858345,138.98224,258.97574,212.47018,157.61133,267.28836,-74.36225,141.04608,256.4575,200.20291,209.8833,217.2374,-64.54264,206.82098,221.59195,64.56043,271.75287,251.98274,-116.44632,269.31927,233.20084,77.56656,271.92877,172.2537,-39.82771,265.38034,164.77615,123.19204,263.53436,166.45105,-29.858091,257.33633,159.13942,127.654854,282.2764,143.19725,-4.209716,279.2191,137.80402,144.56328
pushup%20(1103)_jpg.rf.3f53052005f2556da83c2ad6b44112ab.jpg,328.05606,188.15498,82.03809,327.38907,185.34554,80.73454,327.13116,185.16765,80.758995,326.89725,185.0073,80.77356,327.68582,185.81223,80.11802,327.54578,185.92403,80.081535,327.43848,186.03125,80.03445,325.2938,186.06313,77.19735,326.2256,187.47287,73.96392,327.1696,190.6482,81.774864,327.0323,191.03943,80.73602,321.92563,196.52577,45.98649,323.84283,199.75653,74.71171,303.4402,220.9359,31.62243,311.5733,223.86879,68.427795,282.00397,241.49031,27.402782,310.9558,245.75613,61.014477,275.41403,247.28091,17.832172,310.19443,251.05975,55.574524,274.29492,245.7571,20.092999,311.8735,251.5654,55.495354,277.59167,244.53406,28.02631,312.27075,249.90417,60.69146,333.5865,235.1984,-14.424519,330.9073,238.04553,14.27233,325.34445,205.4178,-69.06819,305.25693,223.76611,-24.197601,299.66983,257.9516,-98.12746,311.7508,259.94528,-56.104774,297.52713,264.86066,-99.30125,314.65616,262.19296,-58.70576,287.93243,273.7372,-116.91691,308.93698,278.29184,-76.241104
pushup%20(1109)_jpg.rf.d8afc659171be91575b9e7e36f2731ab.jpg,284.96075,285.44443,42.63315,290.90045,281.99252,49.766045,291.0819,280.99216,49.715134,291.2339,279.96744,49.688667,290.70038,282.32782,28.460514,290.82114,281.1889,28.448757,290.94934,280.09872,28.377798,290.85602,269.12787,80.2003,290.08545,269.38422,-15.888504,279.46683,280.07526,56.690987,279.43872,279.83743,28.650494,263.24506,245.87627,125.45159,264.53622,266.29172,-65.16512,246.51366,272.88162,147.74408,243.82716,314.09778,-87.64865,244.1616,311.82535,133.91386,253.01619,372.9033,-90.719955,249.47852,315.02078,134.95868,259.14435,382.97305,-115.35266,252.52898,318.97006,120.64836,264.91373,378.86508,-103.43746,249.66776,319.31052,126.922775,262.88022,374.8836,-86.560974,182.08226,258.29608,63.250862,183.75647,270.90005,-63.23169,134.57709,275.05075,141.84978,128.63263,298.80817,-30.19958,71.058624,278.52185,232.72209,59.370384,313.6127,6.9962068,56.588177,274.33255,241.41763,44.224854,304.24973,9.600298,73.69964,303.63974,223.79599,60.71765,345.16412,-29.100597
pushup%20(1111)_jpg.rf.82e485e3ccc8f5443134ac448e5b5fa2.jpg,292.6198,260.9263,278.21896,294.57996,255.30219,294.72705,294.5763,254.70831,294.72592,294.91367,252.57855,294.70932,294.56625,255.18904,272.11307,294.57275,254.52113,272.11224,295.03415,253.674,272.0042,292.95697,245.33595,333.2324,293.50082,246.09747,231.20433,289.66278,259.74753,291.39938,289.3566,259.27728,261.4628,258.46533,236.7427,336.9615,283.7255,245.60771,130.06323,231.00093,259.02,356.3473,270.36255,271.01233,21.640665,237.42029,282.35822,359.2545,275.49762,318.24362,-6.011537,239.23813,282.67804,363.20062,283.4746,325.7245,-18.006,245.09012,283.23795,365.43967,285.5628,322.95383,-7.6814623,247.2912,283.29584,358.0888,282.54324,320.15073,-0.88583374,190.6271,238.20845,58.78847,204.64285,240.14401,-58.800064,130.4523,251.01656,-40.053204,137.62686,252.91002,-153.41896,58.86602,267.6732,-151.94838,63.096176,265.54666,-252.46747,44.75659,266.2551,-169.85928,48.37131,261.59848,-266.79852,50.507717,296.08032,-223.27626,52.944054,298.2584,-331.4752
pushup%20(1114)_jpg.rf.6386c3fbddfebd4c36af31127e1aeae6.jpg,236.41559,242.20486,155.36974,238.19965,240.92062,159.35223,238.32684,240.21455,159.36307,238.44804,239.48242,159.37296,238.59337,241.60088,150.06583,238.98434,241.43378,150.08418,239.37259,241.29063,150.0477,240.10133,234.50035,166.34479,241.11656,237.09384,123.73653,235.69693,239.58717,157.84808,236.09688,240.35876,145.39339,232.2436,222.60449,136.6263,237.52774,233.25626,82.66654,209.16219,238.6113,111.901855,220.85048,261.8505,15.508656,190.18375,261.62634,68.8346,223.95753,281.27075,-16.866123,187.56398,266.61533,59.34528,220.90503,289.80313,-26.34507,186.54338,267.5091,57.13309,223.90933,289.76154,-20.752531,186.7528,266.15952,65.81229,222.3762,287.39453,-15.134052,186.87834,228.10359,10.032654,190.06836,229.36617,-10.148048,167.71112,235.3743,-78.90136,158.01357,212.14406,-98.213036,166.01753,255.36304,-84.98828,156.41455,260.81522,-118.19562,168.85683,255.11104,-85.467125,158.6103,267.24896,-119.271194,159.24718,266.54065,-84.467606,149.06935,274.22388,-123.35776
pushup%20(1115)_jpg.rf.f00fa4f1af56906f6d234166d144bff6.jpg,52.432434,282.95215,13.820688,47.461884,277.15494,5.3341093,47.83424,275.7181,5.2836013,48.3147,273.94284,5.204449,46.228977,278.01755,25.211132,45.776184,277.34558,25.203789,45.39902,276.59714,25.105175,52.48542,259.0618,-13.208967,49.33454,266.34396,75.31034,60.511192,280.88013,9.65376,58.49654,282.57272,34.908554,85.48438,231.37045,-50.528446,83.33987,267.19495,126.254585,132.5157,229.98384,-128.18263,108.18477,274.9492,174.36028,104.50221,304.08188,-138.34596,91.12463,297.58215,158.58891,94.9188,314.9278,-155.76097,84.66929,302.50983,156.3956,87.78079,312.53903,-136.84227,80.83861,303.30862,146.18463,91.14272,308.85284,-130.0319,83.999886,301.85254,152.07031,187.69563,239.28886,-57.08973,184.61377,276.61884,57.115696,264.96222,245.85432,-129.30411,258.65332,270.11826,-15.695741,345.53506,235.712,-116.11631,330.5355,241.64258,36.541912,358.85092,226.94731,-116.92442,344.7893,232.90237,39.056606,361.49323,279.3516,-188.10811,349.10513,278.41122,-16.216671
pushup%20(1117)_jpg.rf.27c4af9ca05b268ec7ecb5f7b9d8edc0.jpg,75.45397,283.55197,-2.5383797,71.461395,278.305,-18.047684,71.631775,276.90787,-18.103058,71.82371,274.93362,-18.187222,70.85341,278.92838,2.1083655,70.65747,277.94916,2.1419551,70.55656,276.91553,2.075729,73.41893,260.1625,-54.409966,72.95407,265.07025,36.49837,80.66835,280.25385,-11.839767,80.32172,281.5241,14.347727,103.11948,230.79752,-78.40159,102.717224,251.62431,87.00883,150.82692,242.5744,-124.365105,144.43738,256.9241,136.43849,125.27458,304.6826,-118.40126,131.37515,276.8148,133.36145,114.2474,316.85178,-130.11783,124.1846,277.97372,133.85326,106.66788,313.18448,-113.514084,119.9155,282.16675,122.777596,109.88015,309.40045,-110.32963,123.11519,281.78455,127.36983,206.93126,240.42668,-50.04526,203.84053,268.66174,50.117496,285.98816,256.4199,-131.43663,277.37018,272.06595,-1.5227094,371.64673,247.14484,-126.05083,354.39926,245.79054,28.08816,385.9362,239.66339,-126.81473,373.0775,238.65977,29.245747,389.8301,292.55606,-180.19936,386.31183,268.08417,-11.32726
pushup%20(1118)_jpg.rf.c76b2d27df25b50380f83455df6ede84.jpg,140.26526,254.68716,-230.2216,136.33607,247.04587,-239.84232,137.10782,245.4169,-239.85544,137.96088,243.62555,-239.95737,134.76166,249.4139,-223.38248,134.441,249.53676,-223.40579,134.15654,249.65427,-223.41553,144.24617,234.96107,-238.34036,139.45853,243.39291,-164.36029,147.0107,254.93477,-225.43379,144.92331,257.5996,-204.32353,171.15823,229.05685,-230.47635,164.43115,240.1398,-64.12469,213.86925,225.09692,-237.20747,199.41199,242.71109,71.134514,198.79938,268.6231,-209.21141,195.46582,254.24466,153.70778,193.78934,278.24588,-221.09319,195.99019,257.58972,163.2529,187.81093,276.438,-219.73625,192.41602,257.54495,150.64209,188.74878,273.19376,-206.15724,192.69696,257.0183,150.70271,246.57455,236.02019,-57.06939,244.62729,251.14474,57.17254,302.03754,247.02321,-19.086334,297.87668,255.7112,118.37903,352.8617,221.75237,73.194984,339.47678,224.061,234.95854,363.1766,212.49062,81.702385,351.3151,215.88931,245.48819,364.19217,249.28796,41.55087,358.78864,236.63702,221.66144
pushup%20(1120)_jpg.rf.38ff316bd9aa97a6490ee3c16ca03c00.jpg,146.02419,268.03754,-160.72665,142.2883,264.4121,-176.75342,142.84949,264.0117,-176.75278,143.36977,263.09454,-176.81316,141.19505,263.8261,-161.81317,141.25674,262.99854,-161.82707,141.49506,262.1472,-161.8539,146.72786,249.75156,-200.69832,145.1557,253.15976,-133.53142,150.20712,266.77444,-164.30554,150.0872,267.15768,-145.08403,182.03331,242.49919,-198.77895,161.05484,236.5617,-60.074528,220.6293,234.49817,-221.12395,183.73514,237.885,63.51221,195.7729,267.23218,-222.87776,183.53467,258.74054,159.4527,190.9511,277.1605,-240.23813,184.15674,263.88516,168.72649,184.26877,276.37595,-239.67805,183.4347,264.75433,156.11018,185.63744,273.07224,-222.08514,184.5084,263.9513,156.67897,249.06982,238.95013,-51.938103,240.87903,235.03824,51.96183,299.95636,250.99371,16.18327,294.19147,240.35352,142.84882,352.68594,222.75099,87.51168,336.7687,217.01212,237.23834,357.93506,211.78253,94.87619,344.72675,209.8201,246.15712,369.77884,247.75703,67.70894,350.28012,230.84732,229.8894
pushup%20(1121)_jpg.rf.5efa1429d8d7fb9b0ffa2e9facc53151.jpg,141.53564,246.99435,-84.02044,137.97758,240.96964,-94.74584,138.17104,239.88591,-94.78379,138.45702,238.26062,-94.83917,137.33337,241.79909,-77.372185,137.08707,241.3031,-77.38483,136.99667,240.90771,-77.428055,140.98097,229.53708,-110.60227,139.77483,233.1593,-31.704836,145.8049,245.613,-86.81707,144.85176,246.7332,-64.22638,168.55788,216.41568,-135.50542,164.58908,236.43071,41.70263,207.9557,218.4715,-191.59543,194.07475,246.06871,134.0228,195.67897,269.2881,-221.54317,183.0635,263.11774,171.17201,188.72015,276.92697,-239.68225,176.42213,265.62152,178.29875,183.79466,275.2512,-233.80278,174.97449,265.9141,167.94144,185.45662,272.32776,-218.72957,177.00276,264.83765,167.2536,242.47977,230.94348,-59.681736,241.05922,251.20024,59.720127,298.2867,244.63177,-71.893745,295.8925,258.78174,65.54274,350.22458,220.88716,-39.612263,340.0606,228.34709,143.48666,362.10233,211.9213,-37.235817,351.39398,217.18391,149.49031,365.33466,244.97185,-84.10275,359.17282,242.25362,119.465195
pushup%20(1123)_jpg.rf.4cb04bd883818d0b97b96406b79832e7.jpg,116.457695,255.71762,-170.34746,112.03477,250.61534,-183.69966,114.69627,247.96762,-183.71269,115.45724,246.97552,-183.81494,111.90412,251.03793,-165.77809,111.68503,251.10349,-165.8174,111.52802,251.30481,-165.85718,118.344734,242.61841,-199.83827,114.228874,248.01895,-119.20371,122.97366,253.06885,-172.20866,122.17918,254.5797,-149.22414,148.16914,233.75824,-201.79797,135.80301,242.68404,-32.766247,175.84431,217.83018,-233.3657,161.29228,239.21773,99.62759,163.66774,261.4393,-218.27869,146.9738,252.05182,203.4223,156.52736,272.45886,-228.50955,143.83704,255.45912,220.19984,151.68336,271.24576,-223.42418,141.78644,256.68628,209.47574,153.5162,267.99185,-214.0814,143.44807,256.069,201.93544,211.72124,233.39594,-56.697655,209.05304,239.04047,56.820908,268.5361,245.18646,-84.54985,265.75098,249.20691,55.25765,322.20526,219.99477,-52.08707,308.9322,223.13039,125.56618,330.94974,211.49606,-48.77221,320.6932,213.81837,131.46478,333.9317,245.67331,-85.97978,327.55472,237.57805,106.86063
pushup%20(1126)_jpg.rf.8f0feecdf1fb901da4e95ddabe2c34ba.jpg,247.55922,285.8384,171.00378,250.20648,281.49988,175.68486,250.05203,280.47284,175.64224,249.87985,279.44122,175.66731,250.82927,283.02127,164.83351,251.09677,283.14194,164.84853,251.36964,283.3182,164.78647,248.48518,274.0037,181.03168,250.11368,279.9381,131.60982,244.28554,284.8345,172.42783,244.77884,286.4157,158.06917,228.06506,266.01135,170.70227,241.47745,292.2477,67.63892,201.39711,284.0688,138.04349,218.55739,318.89337,18.101578,185.78568,321.68423,92.21511,211.96448,341.37546,8.320292,184.73668,328.8742,83.21677,205.81569,349.7552,1.7395579,183.906,332.2645,79.89787,207.66534,351.74432,-1.0163854,183.39983,330.3919,88.3465,208.85928,348.79492,7.6273384,170.87743,283.2294,39.570442,172.05574,294.2608,-39.97808,192.443,289.68454,169.134,157.83205,299.49344,-186.56847,208.51352,313.08118,101.142815,156.18375,329.68384,-390.4924,202.0251,320.1023,88.47891,144.29132,334.8013,-413.82336,226.79636,314.76837,79.933945,174.05983,339.6344,-458.4374
pushup%20(1127)_jpg.rf.8d1ceb3b027c041d40aa7ea91d3076b0.jpg,266.03906,299.81964,-80.977295,269.03293,299.22726,-83.992226,269.30838,298.77908,-83.978004,269.6414,298.1754,-83.998245,268.01074,299.99594,-93.81859,267.66306,300.07797,-93.86527,267.08856,297.96527,-93.908264,270.17743,290.16486,-79.00418,265.18375,297.5258,-123.59591,263.23917,296.38196,-75.10894,260.43704,297.7087,-88.30653,253.3241,261.98563,-40.444355,246.27368,292.12,-133.15634,231.9528,243.61253,43.28758,213.74162,282.16074,-176.36354,235.89255,249.52019,119.80399,217.39882,312.90765,-229.46689,238.3572,248.98712,130.3961,221.40982,320.87466,-245.80934,240.25487,252.60716,121.9431,226.50726,318.91037,-242.6507,238.46661,254.29362,119.448425,225.08209,315.8704,-228.69319,194.80908,261.37653,41.081745,184.73895,276.6159,-41.196697,160.20485,258.63867,143.16115,151.09409,273.4928,-32.702454,134.45169,229.07838,252.78143,123.57637,235.32114,5.792268,132.90982,222.02666,263.87915,119.31628,225.57709,10.618673,125.08146,229.27739,261.62567,110.16282,242.2251,-8.887179
pushup%20(1129)_jpg.rf.048e9f23ff0f237e8037357ec307514f.jpg,260.37006,304.6344,-192.92235,265.9604,305.86832,-195.97188,266.517,305.1569,-195.95479,267.0697,304.28513,-195.9493,260.55734,304.92856,-208.00496,262.80945,307.71527,-208.10092,262.1785,307.68884,-208.20932,263.60135,294.00592,-181.58385,258.549,303.14545,-237.03632,258.45102,299.94867,-182.8114,256.7675,302.6164,-199.28616,253.43925,265.2419,-125.8465,233.04524,287.94284,-223.75089,239.25983,238.6537,-18.72701,211.31526,282.64325,-245.1232,238.58675,235.82684,75.84195,214.48747,309.90524,-265.7923,242.15312,228.00183,88.31948,216.92262,316.94293,-282.06552,242.50589,232.52774,80.781586,223.5432,316.18503,-282.3261,238.5598,238.2501,76.424194,221.348,312.55862,-265.34076,194.72028,274.7261,35.945015,184.89687,285.32455,-36.0141,176.87273,261.08563,160.38664,148.06694,271.88345,-52.097122,171.56075,219.99525,298.90207,130.89247,206.96826,-3.6348405,170.79596,213.25308,312.74515,125.732475,202.70697,2.2842984,172.10767,213.82635,305.65997,119.64273,202.5076,-23.62703
pushup%20(1131)_jpg.rf.ba724b865c280d0a3b4466c606267c55.jpg,124.27547,43.331383,-142.07756,126.16427,35.260933,-141.41649,128.22922,33.946198,-141.49905,130.29865,32.553818,-141.5516,121.4018,37.114994,-128.96266,120.2578,37.254456,-128.93501,119.076294,37.35938,-128.94664,136.36877,30.769966,-102.26062,123.478294,35.62125,-43.970592,131.02281,47.443127,-125.105064,125.12428,49.745728,-108.31425,162.9978,63.224564,-94.30335,128.3291,73.09111,46.51755,190.61942,101.61934,-152.003,129.53021,124.25572,104.1473,163.04059,118.39422,-256.6591,105.180244,144.50879,33.995125,155.01257,120.00236,-284.14722,95.990166,144.64058,23.608465,152.51213,113.50786,-282.14532,93.59651,143.11253,-0.23935798,153.91502,112.80206,-256.18393,97.512596,143.57536,21.996162,161.29033,169.78032,-41.965916,142.35364,172.99092,41.972847,178.11507,234.15,-57.054817,144.71371,238.40302,47.401657,179.26474,289.64752,78.26948,155.41885,298.2422,148.08353,182.41522,295.37073,88.73581,160.7503,306.2377,155.10504,167.84195,309.97623,27.701212,146.45657,321.44333,96.014786
pushup%20(1132)_jpg.rf.cfe7a9328513d9bb579e211f11565f21.jpg,83.68051,253.21904,-60.750027,82.719086,235.57375,-92.11594,84.57992,233.15596,-92.31351,86.53643,230.5481,-92.683815,81.0007,236.55476,-54.641033,81.69798,234.72188,-54.647377,82.46905,232.53632,-54.684822,105.386444,216.18364,-189.60611,101.949486,214.25316,-19.233002,99.708885,255.83109,-88.55011,97.227844,257.10736,-40.746025,181.67134,257.32446,-233.66533,185.62415,187.83307,65.150826,289.36908,225.43121,-213.39685,289.08807,132.86086,200.4319,247.68793,348.3872,-164.09691,268.82413,116.21081,250.818,222.19086,366.64853,-192.94772,262.8057,106.490845,248.99968,211.16718,357.4695,-183.27254,248.05856,115.23075,222.3227,215.89296,349.28113,-156.4335,251.38544,121.19709,238.6171,412.74002,257.45828,-81.30272,381.8617,223.93286,81.86804,411.09747,260.2892,-37.070316,358.07315,154.17018,210.45737,429.80893,231.0169,251.07542,297.3153,21.007345,321.63406,430.21875,230.02812,288.0673,289.90976,12.411428,339.7982,425.66,219.442,308.73636,259.95178,-27.86393,329.47018
pushup%20(1136)_jpg.rf.96795bdb6baafc96be3380b9ef26ab4d.jpg,135.38698,96.99845,-204.98978,136.03378,90.02659,-201.75104,137.44588,89.31549,-201.81142,139.11621,88.49256,-201.87852,132.14539,91.04302,-193.4795,130.84494,91.05729,-193.48419,129.59242,91.07443,-193.47542,142.08214,85.99454,-147.04512,129.64392,90.02028,-108.57069,139.68987,100.04087,-181.47188,134.88506,102.22488,-170.5004,163.32378,106.54836,-128.50438,129.6355,125.8039,-14.382787,165.20792,170.49306,-134.366,137.11806,175.35902,21.014366,151.3012,217.73286,-168.21574,142.90636,222.50185,-33.24535,147.80399,233.64671,-191.5923,142.17976,236.856,-43.339382,142.8779,234.98679,-194.3946,141.65086,238.89543,-65.47999,143.31035,230.85411,-168.57478,142.5801,233.636,-42.760067,180.9411,205.89275,-44.74183,159.92497,210.4901,44.699123,203.48538,282.2313,-102.47773,149.3432,273.04617,70.39643,281.71048,305.2706,-75.504745,130.51936,291.6548,208.34074,295.26743,306.37155,-74.28439,130.16606,293.50217,222.39124,310.22195,328.2516,-128.27953,120.6747,303.57828,201.84549
pushup%20(1138)_jpg.rf.d90b73afc63efe5e153fdff3dcdde048.jpg,134.24294,91.875084,-233.7125,136.28294,83.88644,-232.66826,138.35495,82.97962,-232.69543,140.15714,82.22903,-232.74428,132.0986,85.0408,-223.44717,130.85596,85.051895,-223.50577,129.81375,85.05367,-223.53651,145.9685,80.46789,-190.69868,133.58182,83.35367,-148.8915,140.28242,96.764305,-215.56618,134.52274,98.71641,-203.48691,177.77393,108.094734,-161.88391,131.38252,120.72633,-68.17592,209.0284,145.10417,-163.07834,129.4945,176.12785,-27.877419,191.33922,191.44681,-198.99756,141.51991,223.85312,-71.036316,189.35518,203.7297,-219.88972,142.62544,239.62288,-77.82138,183.81497,202.59932,-218.8779,146.61992,238.40369,-96.6414,183.29005,199.07523,-197.50671,147.92216,232.47589,-78.216034,179.18134,205.60338,-40.47693,157.28833,209.22002,40.461437,181.36508,281.2314,-68.867935,148.53406,269.29007,69.027,202.81924,335.2782,-31.066252,141.925,326.03085,159.66414,207.67577,344.3817,-30.758589,145.27107,335.82797,166.39192,198.3005,353.4551,-95.228836,125.50927,343.95023,115.76502
pushup%20(1141)_jpg.rf.60de01b11ba440b14de81fba7924e263.jpg,56.84863,304.37607,-35.112396,48.89281,294.20654,-55.56398,49.382263,292.63153,-55.670036,49.886963,290.75644,-55.789482,47.84413,294.1283,-29.773264,47.657322,292.4231,-29.812,47.46211,290.42615,-29.891953,58.812798,274.42004,-105.52344,56.53545,273.9121,10.298908,67.362045,302.40717,-48.82421,66.28386,303.3113,-15.115982,110.044815,265.42755,-149.16338,114.440605,260.49026,87.20142,164.45055,294.52896,-228.04454,171.88286,273.1449,195.88965,158.99751,380.8227,-288.42072,187.03345,295.44183,279.76505,142.53369,395.3582,-318.5038,184.24019,291.18887,300.72623,136.49706,389.936,-291.39987,179.42851,297.19193,280.07953,141.33743,384.2189,-278.5973,180.55495,300.56577,274.2204,263.98022,295.0653,-75.368225,256.67163,283.92212,75.50201,373.1411,345.58072,-97.807,341.79523,325.60236,122.606125,409.50403,304.74307,45.36995,409.15335,291.32336,209.61845,409.79596,290.40094,62.86022,416.067,280.70007,218.74388,448.08032,307.02203,73.915215,440.0733,297.46826,202.08768
pushup%20(1145)_jpg.rf.ef1e1c444b27b55e209ed44a98778c43.jpg,153.68484,270.50833,-55.979256,151.3815,265.72232,-64.85958,151.75325,265.06445,-64.87373,152.17967,264.31104,-64.89633,151.25877,265.68768,-50.9953,151.50029,265.0327,-51.00565,151.78305,264.308,-51.043926,157.14996,258.98376,-85.45953,156.56424,259.40723,-23.321533,158.38084,270.77914,-61.540154,158.45024,270.89795,-43.625717,176.68297,257.80627,-105.10499,181.2309,246.78711,21.66389,207.57307,242.35541,-125.420525,208.067,242.28996,69.68564,207.80376,278.25885,-126.6424,210.43095,270.81006,81.99952,201.82317,283.05652,-138.95142,205.10423,272.65256,86.22649,199.46362,281.97488,-130.48616,204.55789,274.18613,75.386536,201.32762,279.97363,-122.82588,206.16924,273.48203,77.47282,239.3673,247.32024,-41.44709,236.44856,244.77487,41.435326,277.61597,250.03743,8.968612,276.2399,250.80824,93.73468,317.23364,250.01608,66.71898,314.00436,246.83856,152.22662,325.06622,244.47153,72.21912,322.7879,242.99902,157.83902,325.37933,274.7679,46.733692,321.3239,266.74457,144.24954
pushup%20(1148)_jpg.rf.14e640728abe5b35a172c04394939306.jpg,140.53383,279.85114,-119.612434,137.03543,275.98987,-130.12599,137.26921,275.21167,-130.15591,137.54068,274.30643,-130.20245,136.93974,276.15982,-115.511894,137.07661,275.491,-115.53629,137.20447,274.7039,-115.58019,142.35162,266.36688,-149.44725,141.18297,267.42072,-83.596634,146.42317,278.6527,-123.47033,146.45816,279.07965,-104.44952,177.1296,258.91382,-155.61987,166.54375,247.87566,-28.838503,207.79073,244.73293,-144.08144,199.62837,235.45488,60.12045,204.8145,288.74927,-114.606834,202.80295,273.15222,100.28054,198.66672,295.31363,-127.57879,192.45143,275.9019,103.83773,194.28256,292.9008,-123.45963,190.73135,278.43835,90.5446,195.67548,290.95413,-111.87153,194.93352,278.66098,95.52276,239.98509,244.66533,-38.72772,232.36426,240.84416,38.750877,272.6569,253.27374,98.67148,267.55252,248.79893,168.54347,302.8642,251.41452,246.85646,297.28137,249.67787,315.85907,308.45926,248.01932,262.95676,305.40475,244.3249,331.67633,307.1693,274.7705,251.88179,300.9378,269.62982,326.87857
pushup%20(1150)_jpg.rf.b5f3390aeedec3a96682d75e700c0a0e.jpg,128.30675,287.04446,-126.730286,123.51175,283.56894,-136.94891,123.60436,282.80222,-136.97313,123.76576,281.84818,-137.01515,123.478874,283.48416,-123.665985,123.51585,282.6627,-123.68418,123.57979,281.66364,-123.72228,128.14816,271.87085,-152.91075,127.406075,272.2859,-93.781944,133.54822,284.76404,-129.36676,133.25809,285.03418,-112.330246,158.30356,263.03116,-158.0782,148.77005,253.44733,-38.877758,196.53746,248.07854,-135.80252,183.72171,249.02014,49.111313,195.49959,292.4629,-95.709015,182.50597,276.36603,94.24066,189.65735,297.3079,-107.684616,176.30322,279.63092,97.68337,185.39209,295.33145,-105.59868,176.11026,282.10208,86.25336,186.71204,293.82623,-93.603424,178.79616,281.78967,90.24617,220.53851,244.532,-37.716545,212.20941,242.06653,37.709064,250.24356,251.90744,99.10408,242.6382,250.0162,166.7162,283.16803,252.66394,242.3653,271.35034,252.14552,314.84915,287.09125,249.39413,257.89728,282.04626,248.84357,330.85007,286.6791,274.15186,246.5367,276.0903,268.3634,326.8032
pushup%20(1152)_jpg.rf.fdc8a0fda0bc5cf2c92c13191a684a23.jpg,145.38544,266.26294,-80.81427,141.41133,262.99466,-92.426025,141.5351,262.3112,-92.45287,141.71468,261.535,-92.49352,141.25761,262.862,-76.68797,141.23273,262.07892,-76.704124,141.20404,261.2319,-76.73552,145.69736,252.41962,-120.319046,144.23419,253.18945,-49.57623,150.61469,264.42615,-88.30186,150.54578,264.38245,-67.73137,171.35513,245.02338,-133.55768,168.65997,232.76482,0.15312196,200.16042,252.20168,-136.48965,193.93228,243.61725,85.79291,194.04123,284.71216,-113.92522,192.6805,268.5716,138.5562,187.12653,289.4948,-128.73889,186.61948,270.21832,147.57957,183.21625,286.58923,-122.47209,185.36427,274.34973,135.56871,185.32664,284.63095,-111.26372,188.57996,275.2384,134.5159,239.61899,231.47142,-37.125668,234.81349,228.59564,37.150574,274.73654,247.28815,73.46927,271.20236,242.85164,142.60469,309.38498,256.11664,189.42485,303.1866,252.31268,255.5893,314.70157,253.75597,201.54242,310.31094,251.50302,267.84933,309.38034,280.78558,188.69455,302.82962,271.50903,259.64487
pushup%20(1154)_jpg.rf.a61dec44275e97995f4d3c9ff04d6842.jpg,112.86159,346.98315,-95.31833,105.46627,347.66565,-116.68257,105.47889,346.9982,-116.711334,105.613,346.24557,-116.753876,104.445786,347.73773,-98.14812,103.66692,346.87454,-98.155136,103.02804,346.02597,-98.20707,105.64547,334.01767,-165.25119,102.838066,333.6949,-82.082985,119.33502,340.9266,-107.36166,117.85815,340.9937,-83.34635,145.69748,311.58096,-176.01071,114.10729,293.21857,-24.64018,198.42183,311.4756,-147.49297,142.37619,281.45743,93.43706,170.20576,351.2845,-86.24208,141.85083,325.88342,183.47107,158.98601,359.32236,-100.03746,127.97956,332.39575,195.30188,150.53522,353.96384,-97.939865,131.21063,336.20547,182.68825,153.74765,350.67236,-84.10956,137.89275,335.6534,180.15292,216.41,260.23294,-38.17101,201.97821,247.65594,38.25276,266.51456,257.17532,82.302986,254.09251,246.77132,149.38214,312.4044,255.05383,245.32538,303.93225,255.97122,285.13107,321.93283,250.20976,263.71762,314.49734,254.96309,300.41586,315.30664,273.49918,264.78812,307.7872,272.44614,296.52127
pushup%20(1155)_jpg.rf.be26f32ac7164b2d6daa146cff8a0ecc.jpg,139.96823,251.98874,-58.130913,135.98593,247.87315,-67.51072,136.0169,247.10593,-67.539085,136.12434,246.24825,-67.56388,136.00995,248.01117,-54.67059,136.01059,247.33762,-54.675797,136.04645,246.59196,-54.710457,138.83081,240.08446,-87.9941,138.40604,240.76132,-29.552763,144.00266,250.99509,-62.89964,144.44606,251.40562,-45.996086,158.80219,235.55711,-102.68599,160.5142,229.39311,10.155566,175.97646,243.41553,-158.18286,186.24878,235.78568,58.437954,162.89407,273.03815,-199.54964,192.46036,253.93692,77.92064,159.45253,279.66055,-218.26749,191.51843,254.81532,82.24552,156.09467,277.68115,-206.7865,189.59055,257.81415,69.49484,157.08871,275.39728,-196.01065,190.23155,258.3855,73.06974,222.1647,233.59737,-34.721092,220.0444,230.99721,34.70556,258.54544,231.37234,20.279419,258.04694,233.08177,85.861755,300.22028,233.62857,80.111206,297.60074,232.14418,146.2553,308.5391,229.1495,85.159096,306.3687,228.77942,152.26794,301.9281,258.09067,60.1493,299.7933,253.26479,135.35875
pushup%20(1158)_jpg.rf.2ce379b3491614b0954e63e1f9f817b9.jpg,107.96056,344.3849,-187.8953,101.12033,343.24985,-207.65068,101.411644,342.44064,-207.70018,101.77959,341.56247,-207.77544,99.5862,343.0233,-189.91579,98.785675,341.85907,-189.95656,98.00837,340.57324,-190.06009,101.812836,325.40338,-241.1717,97.21265,323.92175,-161.30435,114.64667,337.82278,-193.63177,113.13513,337.60788,-170.61168,151.15848,308.62518,-229.23993,108.17918,274.33173,-110.325516,198.68095,306.8151,-235.13623,128.37354,232.37044,-9.309211,212.7137,373.45737,-205.64175,155.26543,246.70181,51.058487,221.65663,387.19897,-227.46739,155.40398,248.05478,51.52526,211.71532,390.01968,-217.29642,157.8405,250.71906,35.48374,208.8959,386.78156,-200.86963,160.33958,250.88144,45.797256,220.4512,258.42435,-41.15276,200.68687,245.98767,40.93563,266.2648,246.05621,136.22482,246.81334,235.93643,223.01561,311.6065,225.79846,309.87555,288.64877,218.84409,410.43805,319.0607,214.18404,328.5795,300.45157,211.90602,431.98428,318.45694,252.56451,315.13586,293.2455,233.80704,433.50723
pushup%20(1160)_jpg.rf.0bec064c6e2a32e550fcb95e558e6a79.jpg,105.58716,344.56277,-175.69754,99.44109,344.80762,-198.08844,99.9817,344.4696,-198.14937,100.57724,344.15875,-198.22786,97.40651,343.61365,-180.04999,96.51794,342.343,-180.07387,95.63986,340.8716,-180.16693,101.22387,322.17276,-239.72522,95.44455,322.4224,-158.55122,112.63232,338.99243,-183.76251,110.672005,337.82684,-160.40724,151.05615,309.03015,-232.2164,108.35308,271.54395,-102.38397,198.06702,305.69458,-237.26782,124.55131,233.01532,17.091667,212.70483,371.8848,-212.9346,137.20776,256.62448,103.96934,221.3471,385.8959,-237.21863,134.42494,258.06323,108.79504,211.98831,388.5269,-229.31746,135.90039,261.86908,93.72997,209.02217,385.11514,-209.29631,139.68684,262.45303,99.71492,222.95587,259.4131,-40.75736,194.09457,239.41705,40.58981,265.41043,250.91777,142.45033,241.17273,238.835,232.93747,312.06393,231.17874,329.19702,285.07266,221.70323,427.77094,320.19308,216.54323,349.553,299.19693,215.0756,449.94196,318.38043,262.48282,333.7565,286.4086,235.53177,447.47015
pushup%20(1161)_jpg.rf.a725eeb6b0c041a9caca16cb06d00b1c.jpg,124.743126,330.81055,-129.96532,122.31646,325.84186,-146.61879,123.675415,325.14847,-146.6459,125.25965,324.39502,-146.72073,120.173134,324.26227,-136.31113,120.08847,322.37723,-136.34464,120.0992,320.40237,-136.42848,132.51007,312.11423,-174.28506,125.11211,306.0344,-129.11365,133.45595,326.6503,-134.92769,130.5771,317.0754,-121.78371,180.78474,293.88583,-161.65639,138.46352,250.91046,-102.54649,245.5185,268.96625,-114.48816,158.11343,200.84523,-12.4519825,219.36945,309.6687,-33.002613,159.7802,232.8468,68.00943,221.53047,324.89612,-36.464046,157.43468,235.90219,72.08777,211.86069,325.79846,-33.935013,160.55418,242.82133,64.597855,210.57065,320.22864,-29.58482,164.13756,241.77283,66.46054,248.80237,240.8518,-22.588112,226.85745,226.19325,22.447828,298.08405,236.77179,104.1651,278.63995,226.29097,139.55382,341.5139,233.39641,246.72856,322.42133,225.44777,289.4832,352.10574,227.4574,262.93988,333.1972,221.35815,306.61023,339.27948,254.41791,268.93793,320.8951,244.01172,316.1232
pushup%20(1163)_jpg.rf.84dfa6ca4aa5eaace3814016330754c2.jpg,135.8081,332.91235,-114.62804,129.89755,331.74814,-133.96288,130.61115,331.1569,-134.01408,131.4418,330.43195,-134.10414,127.56777,330.0767,-120.52694,126.64482,328.27493,-120.55383,125.79988,326.42944,-120.63765,133.36642,318.54398,-175.26358,125.967636,314.82648,-115.153564,142.85966,326.20917,-124.41924,137.3425,320.009,-107.02902,175.74654,291.61435,-167.60999,134.46494,249.50323,-90.52955,222.34265,254.68193,-131.64197,158.84044,199.82597,15.743864,220.68842,309.74915,-65.420044,168.08823,235.37126,96.644875,220.17947,328.0304,-74.764694,166.13077,240.01616,100.008415,208.91376,327.29764,-70.36723,168.5584,247.05722,85.95687,207.61543,321.00168,-61.988018,171.60452,245.90645,92.225,247.83873,242.9663,-28.234241,220.08618,226.82266,28.119526,297.5641,234.13194,124.575096,266.84665,227.2825,187.4921,330.7802,227.45969,293.03693,301.29407,225.18651,354.064,346.07233,223.90234,312.15558,311.64203,221.06554,372.63922,334.35547,251.03778,318.8774,295.81696,242.84903,383.55078
pushup%20(1165)_jpg.rf.6f2b98f90c1dee6a24b4775a906559ce.jpg,139.34601,294.62405,-102.41756,133.12773,290.79123,-116.09114,132.90027,289.6368,-116.11349,132.69276,288.3101,-116.16733,133.02399,290.97205,-100.00583,132.74835,290.01788,-100.014656,132.48065,288.93604,-100.084305,133.76836,276.89276,-146.9574,133.38516,278.63596,-74.40627,144.6341,290.08902,-110.162285,144.48679,290.51248,-89.15592,163.13882,259.65994,-151.64468,164.00471,249.29604,-26.258125,216.83273,244.48576,-192.4633,195.38826,236.2557,44.27449,198.91939,292.58655,-215.8269,196.71008,266.48267,76.1296,195.23085,303.97797,-234.24858,192.78441,271.02448,80.225494,185.11499,304.21478,-217.86612,191.05081,285.5055,65.28491,188.77933,299.86765,-209.71161,194.65213,278.34518,70.28903,254.115,250.38799,-48.55041,246.32143,245.57039,48.420906,303.7225,254.8251,71.48773,298.34988,250.72878,162.40376,354.31076,254.89864,185.32045,349.97104,250.92635,280.14853,364.19574,247.02225,196.19815,360.9176,244.68234,291.9931,360.29636,286.80344,172.5159,354.64276,280.30444,280.1625
pushup%20(1167)_jpg.rf.c0e5c9c9cc95a2c4626238021c6e91f3.jpg,135.72903,310.2437,-104.83914,129.30095,308.28247,-117.41125,128.78145,307.1383,-117.44795,128.21643,305.7898,-117.50571,129.47728,308.6022,-102.291084,129.15244,307.69226,-102.325035,128.81917,306.64276,-102.41778,126.48748,293.49188,-144.82544,127.271675,295.75906,-76.63846,139.46959,304.8028,-111.43937,139.24522,305.3859,-91.61555,150.8319,268.9516,-145.14743,151.73976,268.273,-28.245806,202.85526,254.25664,-197.97076,191.56787,269.38095,35.36281,184.60612,304.2326,-237.05624,188.95859,301.20996,52.759754,178.24667,318.79855,-256.76895,180.02144,306.0183,55.7203,173.93163,317.06693,-240.83725,177.22604,308.53275,40.22094,176.3398,312.93747,-231.24524,181.19243,307.35086,46.518497,241.13437,252.70857,-38.703854,234.09505,253.83838,38.678673,294.96255,267.89856,54.417706,289.56995,264.9322,125.27056,341.42252,275.44144,149.82948,335.58517,272.72766,215.28041,347.9986,272.05954,158.35626,344.2824,269.05356,224.29654,350.83636,304.7048,134.2912,347.08978,297.14575,206.23593
pushup%20(1168)_jpg.rf.beb2ae3135c0e1034564f3e08f3a28f8.jpg,108.66802,238.92336,-108.7103,106.37924,232.9726,-118.26513,106.82072,231.98148,-118.293396,107.28615,230.88603,-118.3288,106.16558,233.18448,-102.462364,106.42117,232.385,-102.48256,106.67824,231.47418,-102.538795,112.512054,224.07593,-135.44638,111.556465,225.24155,-64.214645,114.38396,238.98962,-112.30556,114.2618,239.57161,-91.73403,143.5743,219.32524,-147.96143,139.98636,219.64066,-6.311976,169.49075,212.74536,-206.63475,169.3012,218.04568,72.2356,165.04655,262.4662,-258.20212,171.58014,246.84972,110.23768,155.46925,269.53558,-282.21924,167.40982,249.8701,117.88623,152.68665,267.1162,-268.4206,159.5602,252.17703,102.4985,155.49393,263.92902,-254.07324,164.2084,252.05821,104.77899,208.25021,201.73633,-44.116653,207.30048,209.51295,44.13733,262.31046,216.50264,41.87073,255.49326,217.97142,102.28321,306.39136,224.31898,136.64224,302.76608,222.70563,188.9666,314.86224,221.67928,145.32288,312.26834,217.40385,197.00052,313.97394,250.10425,111.82914,313.4395,238.0552,169.02634
pushup%20(1170)_jpg.rf.6fec95d8425d462e0d1dd457a2378c92.jpg,98.57563,249.38454,-110.63434,95.29596,244.21838,-120.08264,95.69382,243.36005,-120.11374,96.13023,242.37286,-120.16419,95.12063,244.4161,-105.29381,95.350746,243.73628,-105.31799,95.56069,242.94308,-105.37904,101.78262,235.54106,-137.42183,100.94407,236.50832,-70.52269,104.52045,249.02673,-114.00871,104.53023,249.62527,-94.74401,134.76593,227.7017,-145.18408,127.48514,226.47458,-17.494303,163.96068,210.69125,-186.22807,160.52551,220.12256,60.72071,157.72816,256.83783,-223.4171,160.68143,249.78104,101.886955,148.18826,263.75146,-243.40472,152.89525,252.1328,107.379234,144.84683,261.9811,-231.03076,156.192,257.954,95.20737,146.83867,259.4787,-219.37071,154.63211,253.26003,97.527954,202.64612,216.31857,-43.10399,196.71404,217.10115,43.087074,242.47762,220.89978,81.603035,238.0921,220.77922,161.07367,279.82126,220.37524,206.84985,273.77167,220.39384,289.63397,287.54877,212.01056,219.73975,283.4175,213.00513,302.99066,286.5579,246.50087,194.08829,282.4266,240.95247,289.12555
pushup%20(1171)_jpg.rf.c3222dac24be715dc3377eee9914df16.jpg,96.76822,251.7479,-172.21083,94.77425,246.55597,-182.68506,95.35822,245.75787,-182.6934,96.00938,244.77213,-182.75226,94.25478,246.82167,-167.92694,94.43081,246.25113,-167.96513,94.65526,245.52489,-168.01689,101.768394,238.38564,-195.46422,100.03512,239.38512,-129.46223,102.84429,251.93657,-173.28528,102.61267,252.76727,-154.30469,130.21738,234.94897,-193.65056,124.7314,228.06383,-63.218887,166.82883,216.93472,-180.85252,154.46132,217.59369,38.216026,162.85289,259.95264,-143.52327,154.38754,245.38036,102.803734,156.52995,268.8666,-154.88625,150.86021,248.85652,111.281075,153.00818,267.37463,-150.32086,149.68686,252.4078,99.781006,154.3647,264.38773,-140.21562,151.63109,251.81003,99.61693,193.78188,216.82301,-40.42864,185.52162,217.09703,40.41235,231.80577,221.03389,94.66313,227.1817,222.65459,161.90982,264.7852,220.63092,223.64336,260.56738,222.14687,295.68066,271.25406,213.85115,237.3768,269.34186,215.58057,309.9122,273.6958,245.58179,213.77466,269.9495,242.23643,298.77414
pushup%20(1173)_jpg.rf.677a9f717f29abf7fb7064276696cccc.jpg,100.40596,341.36554,-177.74065,96.08568,336.86838,-191.543,97.32619,336.0385,-191.57124,98.7186,335.12457,-191.65324,93.84885,335.99423,-179.08826,93.56552,334.47562,-179.13715,93.3067,332.9384,-179.18839,105.70679,321.07092,-207.33186,98.96032,317.8028,-153.20683,110.66865,338.18243,-178.36488,107.96612,337.1992,-162.7956,160.73257,297.4691,-195.41814,114.21782,276.1996,-102.012146,208.33139,274.8274,-165.06564,145.3123,229.66154,0.53170925,207.06177,335.67126,-107.71671,149.92593,252.23979,63.658554,204.28162,348.56232,-117.839264,146.4553,254.32852,65.108,194.16353,348.4525,-115.138466,148.8848,258.74905,53.035156,194.61107,345.32742,-104.94199,152.82442,258.60687,60.268456,223.34521,253.5918,-38.58594,201.49411,249.72649,38.418728,272.6021,244.03636,104.2402,244.40457,241.47595,185.5333,315.47137,219.98743,237.69954,280.32275,220.00568,337.31937,320.69897,207.13321,252.47964,287.76843,211.4077,354.66702,320.5374,248.64929,245.4445,285.5511,238.8552,366.5367
pushup%20(1176)_jpg.rf.cebf486c311136a377ba034c7919d764.jpg,149.64142,329.19443,-153.26323,145.09402,326.0542,-169.08586,146.08482,325.68112,-169.08138,147.1599,325.37985,-169.11177,142.5467,324.65387,-155.87723,141.92639,323.09283,-155.93713,141.4046,321.53226,-156.01938,151.03194,311.65015,-198.15718,145.07414,306.5523,-140.81839,158.12108,326.1855,-159.14798,154.84067,324.60873,-142.55676,206.60364,293.95325,-193.82083,157.60573,260.89218,-105.05127,265.39532,287.78696,-164.73741,194.8992,224.64708,-29.706482,262.71826,319.66998,-85.980774,214.49017,246.15462,22.727415,272.97763,327.6797,-93.06222,217.35754,248.78206,22.576998,267.3472,330.93024,-93.78966,220.88797,251.48154,12.741097,262.2886,328.18527,-84.54091,222.44083,250.66335,19.493526,265.6902,251.3931,-34.752407,242.5047,231.17136,34.58029,314.15344,232.12231,86.06902,297.6777,213.89832,140.37357,361.3423,207.4427,198.24055,342.65344,199.25217,261.5682,364.05118,197.10303,209.50967,354.40118,190.88615,275.24207,368.9552,231.4572,199.60179,348.46823,221.46533,278.73917
pushup%20(1179)_jpg.rf.6c903ae32f9f6af808303b32003baeee.jpg,131.15543,330.04886,-216.11548,128.74326,323.80792,-231.90956,130.38525,322.29132,-231.89278,131.94926,320.77914,-231.95694,124.72105,324.87985,-218.20932,123.57256,324.08606,-218.26651,122.57907,323.22577,-218.33656,137.24687,307.793,-249.7805,126.42012,310.74432,-189.62128,139.03032,325.70505,-216.69962,134.7871,327.63922,-199.42065,186.67705,280.61224,-230.35605,132.44586,272.1492,-120.90466,226.33075,283.31113,-195.86325,156.99165,276.06924,-1.6145012,191.88678,323.98303,-116.23301,157.8138,314.10135,72.90208,184.79039,335.2518,-125.826256,152.93716,321.7462,80.04026,177.83475,333.2511,-123.32544,156.97884,322.71252,68.2375,178.33574,329.41852,-113.18924,161.81705,320.56158,70.1601,241.66556,244.7521,-42.531063,218.77242,243.46591,42.44867,285.9012,244.06532,99.97848,270.8461,243.51166,173.24893,333.41116,239.07617,243.94661,315.13583,241.15735,329.87173,343.8396,232.31963,259.59842,325.3545,236.04977,348.03296,338.44833,265.49396,250.15962,317.04147,261.49652,351.0507
pushup%20(1187)_jpg.rf.c252a06793a6c2824d954cbe828ab97c.jpg,157.91652,263.6508,-129.72563,156.13603,258.4851,-143.08923,156.60156,257.76782,-143.09503,157.13013,256.98837,-143.11227,155.84413,258.2846,-126.70956,156.09457,257.44568,-126.75016,156.39188,256.49374,-126.79327,162.73962,250.98827,-169.90105,161.74384,250.05064,-96.64238,163.51253,263.97678,-136.13077,163.16957,263.84305,-114.93227,191.75508,250.36429,-180.06667,183.03423,237.85168,-37.64875,226.32175,265.39667,-166.76578,206.7419,256.30222,35.65634,224.129,295.6007,-134.08316,214.72534,285.028,63.292114,221.9537,301.8803,-151.44278,210.80115,289.08276,66.09077,216.71367,300.86517,-149.44006,209.4253,294.29013,49.461452,217.55565,297.80234,-132.93442,212.66962,292.70892,57.07638,257.55927,234.5449,-43.44716,252.92522,226.41618,43.428886,302.70807,246.46022,67.38515,299.00516,243.37973,145.85672,341.349,258.23248,179.43948,337.23624,254.75449,260.33783,349.2489,254.48341,190.30971,345.14288,251.76257,272.1714,341.6563,284.01443,165.99982,340.23203,274.0404,257.34344
pushup%20(1189)_jpg.rf.b3eea84d90e1182ec574a155ab1364f1.jpg,196.02525,163.83968,-31.938087,199.3196,159.43857,-29.257246,199.29355,158.99692,-29.310303,199.25494,158.51582,-29.382454,199.04567,158.71799,-45.089897,198.8059,157.73564,-45.09399,198.51785,156.60928,-45.14154,196.60153,151.78766,-8.667727,195.73161,149.69948,-80.83089,192.02617,163.9161,-21.6002,191.93547,162.89015,-42.899452,170.6736,154.6625,33.748077,179.14148,154.00146,-113.59885,160.78366,194.6993,48.549496,176.55113,203.84708,-139.51437,171.34027,227.34439,23.816998,178.81313,252.90785,-131.99202,173.6713,235.1285,25.887867,183.22708,267.8509,-149.10605,176.99547,237.66156,10.026863,187.56693,266.06357,-137.37767,175.11024,236.56686,15.938419,185.3676,259.76553,-127.62106,133.14517,194.91669,45.66604,129.7122,194.95276,-45.66526,136.57227,241.70248,46.64786,106.91568,259.77695,-49.53298,113.33486,291.09958,78.58183,84.20061,324.69022,-44.163483,106.230194,296.57935,80.45523,77.995125,330.60944,-45.960922,121.76231,310.42255,59.027737,89.71622,347.9405,-88.84487
pushup%20(1191)_jpg.rf.8f791e4a77a09c4edfd4f8b673068cb1.jpg,206.1626,171.53795,-86.94436,210.22426,167.76337,-85.95806,210.18443,167.18266,-86.01416,210.12119,166.55313,-86.10485,209.85027,167.17839,-98.67835,209.52573,166.16052,-98.713646,209.15611,165.0155,-98.76068,207.85596,158.16794,-64.9743,206.77141,156.41632,-123.53388,201.30159,170.69072,-76.07501,201.34921,169.77657,-93.40323,184.75842,162.3828,-22.035099,187.23094,158.04314,-142.22939,177.84212,202.63678,-8.02646,187.16985,209.5167,-159.43617,176.50638,249.47383,-24.769598,187.74562,263.05453,-146.32626,179.08713,257.31305,-23.748917,191.79887,276.01276,-162.1547,179.90425,259.70572,-39.582752,197.16058,275.0625,-154.83353,177.48427,257.21204,-32.23251,194.6035,271.6488,-144.07213,140.3411,196.18245,34.845898,129.14691,196.5907,-34.80601,170.36418,236.16718,28.011906,115.49632,251.28204,-39.888645,159.98045,284.5406,64.95837,92.39607,317.5082,-12.393708,153.72856,290.32724,67.578835,89.75109,319.84808,-11.655716,171.60487,303.52145,47.97312,95.0432,339.17334,-52.661137
pushup%20(1193)_jpg.rf.faf926784726abad94360f2ff78e129f.jpg,188.81163,151.97131,-30.172121,193.50826,147.23927,-28.792576,193.53503,146.7747,-28.84816,193.50595,146.24197,-28.922268,193.2652,145.97319,-43.232887,193.08562,144.65646,-43.228043,192.81976,143.27983,-43.28122,190.71951,138.42096,-11.49593,189.68161,135.60052,-78.40137,184.13066,152.1351,-21.034462,184.11421,150.70126,-40.768597,160.79276,140.25787,27.625128,172.34537,135.46497,-112.31902,148.02667,183.73749,47.165348,173.91808,182.39551,-132.21408,153.9628,224.44254,33.991833,175.31021,245.8393,-116.77716,156.24847,232.48633,36.332424,181.71967,261.38812,-131.8907,158.30627,234.3152,20.901531,185.72849,260.69434,-123.4779,156.68274,231.81915,26.658707,181.65706,255.67809,-113.627625,120.09265,185.01233,42.40002,112.48398,181.58945,-42.34073,134.30748,224.2659,34.356613,92.482254,246.53181,-47.910645,112.535614,271.8396,61.53379,62.67376,316.15692,-38.04637,105.03433,276.84775,62.87675,54.132862,322.35233,-38.818054,120.62901,292.95468,45.04249,72.67235,345.73666,-79.12042
pushup%20(1195)_jpg.rf.5aec0dbac102934ccb6efa49fb5312d4.jpg,176.49686,157.43324,-8.165816,180.69322,154.41376,-4.2010508,180.69305,153.97096,-4.2621126,180.69043,153.53436,-4.350537,180.69075,153.50404,-20.986803,180.61668,152.36325,-20.97556,180.50946,151.13962,-21.029009,179.00473,145.73778,21.309334,178.72859,141.7055,-55.575367,171.79373,156.22742,4.2078886,172.02908,154.95784,-18.440968,153.45573,153.14442,60.29852,159.32301,127.7417,-91.95079,146.4739,194.55211,79.7583,161.32253,183.35927,-115.87071,156.90701,250.38474,65.02254,163.84528,241.90637,-92.522064,162.115,264.3211,67.91229,171.5538,260.03467,-103.14308,164.08977,263.8378,52.34904,175.22455,261.60403,-91.7894,162.8068,260.3885,57.138557,173.20627,256.5401,-87.445946,107.03099,192.30054,45.394764,99.777,186.20149,-45.36583,94.92085,261.27643,43.77756,77.48716,257.48203,-39.29435,61.188965,317.7932,81.512184,52.674747,325.44257,-12.260412,59.991142,325.00305,84.20449,47.33983,331.1723,-10.603644,79.25496,344.62756,60.35946,62.4821,355.28342,-46.065407
pushup%20(1197)_jpg.rf.3b4d5c24e18ae4dddb18741b703fc52d.jpg,132.27373,320.59372,-118.65973,127.116005,319.71994,-130.96422,126.89135,318.85876,-130.94589,126.75909,317.9595,-130.9833,126.628525,320.14703,-114.82532,126.14588,319.6029,-114.83626,125.18649,318.95358,-114.852356,125.769905,307.41232,-157.4173,123.31423,308.79474,-84.522224,133.74979,315.3964,-125.185104,133.72774,315.94678,-104.1925,142.25027,283.30133,-166.23715,131.91272,287.16333,-36.133503,148.75887,325.6992,-170.73718,129.02309,318.63522,38.904446,113.71289,339.0704,-120.58694,114.25337,335.5926,70.5182,107.212,343.63785,-136.72565,107.427956,338.47855,70.74024,105.25494,337.53116,-136.08757,107.50267,336.29083,61.305347,108.49212,338.01926,-120.02514,111.05584,336.25772,66.47564,209.46504,269.09494,-46.237617,204.19711,268.80563,46.203827,244.61668,286.58185,62.08964,242.89684,289.54706,148.28333,288.4791,293.5777,177.05302,283.79175,294.08554,263.83636,295.0193,290.56097,188.6729,290.48355,289.675,275.44226,293.65335,315.7554,166.23587,290.2403,315.3142,256.10153
pushup%20(1199)_jpg.rf.8a62dae4abab4f5a0b8b33dc8c3f7af1.jpg,129.87105,316.68954,-106.30125,124.20243,315.03702,-119.16863,124.03435,314.26724,-119.151375,123.78339,313.5428,-119.18685,123.57814,315.5582,-104.18893,123.0539,315.14612,-104.22729,122.50751,314.75897,-104.27813,122.26474,304.71954,-148.05038,121.0774,306.23923,-81.10055,132.5907,312.19662,-113.72431,132.2386,312.66644,-94.3921,141.4738,286.29642,-157.8151,127.56563,285.42215,-34.630013,160.45158,312.3141,-143.77164,138.77788,308.07117,37.691204,142.6414,326.7787,-68.973015,138.39545,320.96115,75.56387,138.01811,331.44446,-76.78398,136.93907,323.03333,80.73079,134.71434,328.91748,-75.80365,136.02834,322.0467,71.670265,136.70428,326.4276,-66.97769,137.53946,322.17947,72.40898,205.54218,268.10272,-43.26508,199.94101,269.906,43.21448,239.00595,290.59814,48.81024,238.43701,293.90628,131.9586,284.64444,298.4014,147.80693,282.72552,301.38,231.19449,291.52606,295.08154,157.9083,288.24524,297.71613,241.314,291.69714,317.00452,142.03047,288.48685,318.50208,229.21684
pushup%20(1208)_jpg.rf.75ba155b0f748c754cf530fb0880dbea.jpg,166.42702,280.70123,-193.45122,164.63353,280.61633,-207.94635,164.78278,280.4882,-207.9512,167.0194,276.97205,-207.9802,161.86694,270.4131,-201.77718,160.98589,268.7174,-201.79922,160.11243,266.99725,-201.83807,171.56296,275.75864,-221.5236,161.63301,260.4365,-194.90672,170.51776,280.2635,-191.67142,166.89674,271.395,-184.13722,198.03944,278.08456,-205.43918,167.17323,242.93933,-138.91035,226.20084,287.60504,-166.0818,165.81754,238.99199,-64.82445,232.15132,292.82993,-118.69635,168.97385,266.7108,9.103377,232.6501,299.16098,-132.3376,168.0396,271.8527,11.94684,229.2941,297.0459,-133.55322,172.82495,274.56693,4.4822245,228.82812,294.98004,-118.6779,174.39769,273.4702,7.91217,237.34859,260.02533,-30.376274,225.02458,244.26453,30.250118,260.5963,257.53076,124.74426,250.54283,241.70732,180.13217,285.1814,242.43901,292.48972,274.65588,239.7899,358.72427,288.95862,235.40529,311.85434,280.01303,234.48886,379.10275,284.93988,251.57135,310.3518,279.26004,250.46031,379.7929
pushup%20(1209)_jpg.rf.bdf7752beece7df4baae19e19c72e0a1.jpg,126.35672,272.87415,-135.81276,124.53026,268.52545,-145.44641,124.90985,267.8475,-145.4663,125.348976,267.0696,-145.5233,124.26333,268.56516,-132.8611,124.43771,267.88837,-132.89224,124.652214,267.15454,-132.9435,130.17642,260.7022,-158.94122,129.08888,261.49265,-102.80891,131.06076,272.81985,-137.51979,130.78833,273.13245,-121.39966,160.56917,257.69525,-157.93646,148.2184,250.08492,-47.8166,198.09508,251.39305,-144.16194,177.2021,248.33847,30.082005,184.8894,277.829,-101.24996,175.69496,267.8425,75.84946,181.50858,284.27563,-108.75356,174.3582,271.60214,80.7721,178.00584,283.78146,-107.26386,173.48705,273.74667,70.41457,179.1797,281.70905,-99.00673,174.57584,273.1206,72.553375,210.64621,247.31453,-37.04259,203.67674,245.01413,37.054756,243.52933,252.25471,57.05822,238.98871,246.1322,130.64388,278.3744,242.19571,154.66327,272.76633,241.44945,231.70596,284.31583,235.88985,164.75087,280.06964,236.39297,242.16173,284.1149,262.5937,146.72127,279.063,256.38922,234.46152
pushup%20(1210)_jpg.rf.70eea5070855a63e2da272966ae0144d.jpg,159.22362,293.79324,-172.28947,156.6123,290.78918,-185.09512,157.16023,289.52924,-185.10143,161.86569,284.51752,-185.19081,154.84344,290.7858,-174.0007,154.52255,290.19403,-174.03928,153.47005,288.53363,-174.06511,166.2212,278.12314,-203.71347,155.93207,280.69672,-154.49919,164.89163,290.72696,-174.51277,163.11655,291.29434,-160.45523,198.38914,273.31216,-195.92857,161.74489,260.68533,-104.71684,236.12746,272.22147,-175.80873,165.57216,261.71686,-31.309647,226.89256,296.47028,-133.22873,159.19746,274.65826,21.176857,227.73907,304.95618,-146.06435,155.569,275.63098,25.377338,222.85287,305.53055,-144.83702,158.5094,277.74557,14.736966,221.85622,303.26102,-132.0166,161.38914,278.27133,18.0383,231.44405,265.34702,-32.603287,215.6477,259.48578,32.539696,256.3248,259.03796,68.58308,235.96591,249.42021,149.97313,265.93802,239.7418,208.03777,244.63599,239.38063,295.42508,267.37677,235.37589,223.71234,247.79745,236.52007,311.8357,270.11978,248.29814,222.55902,242.92052,246.96878,319.60455
pushup%20(1217)_jpg.rf.da8120b52c71b1cfebd888b777ae02e4.jpg,131.00069,308.73697,-101.91629,129.33487,303.30182,-110.95691,129.7428,302.55734,-110.975365,130.23831,301.6965,-110.996124,129.12541,303.43033,-96.816986,129.35999,302.815,-96.84113,129.65175,302.10352,-96.87563,135.07591,296.76025,-127.787605,134.03079,297.26428,-63.799046,135.96104,308.88092,-105.49055,135.55693,309.46817,-87.20263,160.42447,298.9692,-147.99191,157.01163,297.25513,-11.006369,191.56012,314.85327,-159.86336,178.81541,312.02548,61.95227,192.87013,343.81143,-155.63855,183.04243,325.2442,103.30945,186.30054,348.1523,-172.52559,181.9664,327.18353,106.116135,181.86633,346.25735,-172.56824,180.96918,327.36496,96.982704,187.21275,345.48236,-155.93985,182.01567,327.05072,99.898834,230.5351,291.24152,-43.74193,225.04251,293.78293,43.721752,268.81537,285.8884,58.693184,263.52686,293.81592,140.32524,301.27518,268.45966,166.49501,301.53607,288.3471,253.96268,306.87363,261.10196,177.3544,308.04858,282.93423,265.15094,311.70587,291.46936,148.04735,311.25476,304.63504,249.97462
pushup%20(1221)_jpg.rf.06561b939387b856e88a67b5470c659b.jpg,82.36761,319.59277,-110.809685,80.61627,313.23047,-121.160614,81.17085,312.45886,-121.17202,81.79385,311.60388,-121.20034,79.95966,313.18472,-106.70648,80.0422,312.41516,-106.73695,80.17887,311.59888,-106.768845,88.340805,305.3578,-139.50131,86.12472,305.90732,-75.466965,87.7521,320.38095,-114.448,86.86505,321.07355,-96.0068,118.45227,305.10547,-146.02132,108.24575,299.70645,-23.566084,160.90546,315.17047,-142.53604,136.75993,312.46622,38.553604,151.59549,355.22,-125.52923,140.44637,340.75644,59.58126,146.04088,362.08627,-141.0469,136.70541,345.4584,61.01252,142.07202,359.69095,-135.55867,136.40811,347.49237,46.684296,143.6994,357.25037,-122.96378,139.07791,346.46628,54.10157,185.61746,301.6492,-37.967216,180.51166,291.52414,37.982155,223.74521,309.3183,60.75672,221.81346,286.151,133.7757,258.95007,313.55002,154.66882,258.51538,272.92004,232.38826,265.62265,311.14832,164.4866,265.7944,264.8454,243.48427,258.59357,338.19394,149.2285,263.88574,294.25958,242.07088
pushup%20(1223)_jpg.rf.6fcfb40fc1b5d5e76d0bae99fdcded60.jpg,74.8759,358.68085,-129.53014,73.73215,352.7004,-138.74878,74.39253,352.10068,-138.77092,75.09151,351.461,-138.82695,73.33522,352.58017,-125.15467,73.70535,351.9178,-125.188835,74.07407,351.2183,-125.22307,81.3658,347.2384,-153.80074,79.801414,346.45093,-93.622856,81.388596,360.3329,-132.06732,80.58592,360.11304,-114.76955,117.33003,346.3389,-160.24873,101.82998,336.42557,-35.077114,154.3102,339.67392,-174.96065,126.76277,336.34003,42.751324,149.65012,372.19604,-173.7623,130.016,354.58896,100.74094,146.99036,379.13474,-190.58926,127.216255,357.5149,108.553604,140.31349,378.19345,-184.65068,126.47455,359.64178,97.515724,141.00229,376.0088,-171.5504,128.71234,359.44464,97.626274,178.7714,328.72754,-41.814327,170.87393,315.50482,41.83068,216.1738,328.9725,57.62235,213.13596,311.13715,141.25377,249.54042,322.64783,155.57797,247.25426,293.39667,245.23677,259.7275,311.40152,166.06833,253.46097,284.37256,256.41394,253.87074,345.21866,150.52762,255.51265,309.51562,251.19307
pushup%20(1225)_jpg.rf.fcd80c8af3d974e782b53dcad8b661f6.jpg,172.93959,328.35425,-97.20685,174.34775,330.78064,-112.6636,176.1332,330.8308,-112.68373,178.09525,330.70496,-112.69449,169.7409,329.6547,-111.939354,168.12648,329.04767,-111.94885,166.40533,328.42737,-111.97385,181.55432,325.40942,-134.89272,164.29659,323.37213,-132.08441,176.07866,323.649,-98.79948,170.80042,322.76376,-97.99508,200.78282,295.83325,-117.36546,158.43907,283.25244,-106.65959,218.20747,270.82825,-48.723274,148.37639,259.08307,-37.313972,214.16045,309.59885,14.318522,152.95082,299.09204,31.830957,218.2277,321.23383,12.152697,148.94534,309.4223,32.961864,212.59605,322.55844,9.340101,152.46863,310.39832,26.179823,208.86363,317.39197,15.259806,155.72758,307.99393,31.060843,199.45634,224.62149,-1.9079502,177.28542,220.98357,1.9303355,200.36523,198.22823,135.10223,185.10648,199.3261,144.28171,200.48163,166.64326,271.93063,192.05525,168.96254,275.9188,200.78395,159.25514,287.8565,193.18924,162.1592,290.97742,198.21288,176.55685,291.1276,186.92897,172.28154,293.83057
pushup%20(1227)_jpg.rf.1700af5761f71834f5e1089eddccbc44.jpg,185.26978,375.11298,-88.37719,186.69496,377.6868,-106.687775,188.40828,377.81335,-106.70802,190.26976,377.8889,-106.714455,182.11838,376.4975,-104.21814,180.50925,375.91913,-104.225204,178.74844,375.20316,-104.23893,193.6983,373.39536,-137.94289,176.78172,369.86298,-127.277534,188.39099,371.16833,-92.75148,183.83185,370.1645,-89.77159,215.9675,344.4867,-122.65372,174.54216,326.70807,-97.56609,236.82031,313.2491,-46.023544,166.87135,293.4232,-14.409866,229.47752,353.9545,31.414923,169.56157,334.2474,66.04243,232.36722,366.98285,29.683643,164.3092,344.67184,69.06566,225.85167,368.59286,25.884655,167.58571,347.34747,59.7801,223.93015,363.4087,32.34137,171.31944,343.18137,64.456276,221.58989,264.8995,-5.951058,198.28757,258.5617,5.9556203,225.44604,232.48935,149.47418,210.8102,231.0176,160.60883,228.75006,197.76091,300.46445,222.18808,194.59946,301.54416,229.63193,188.90796,317.8699,224.00764,185.97862,317.6682,226.11725,208.66745,319.70105,222.43921,201.206,318.16034
pushup%20(1228)_jpg.rf.ab5f11aa0c81a3b1091ef853c9f96190.jpg,206.28107,368.79233,-70.79558,207.41914,372.96304,-88.62241,208.89445,373.24902,-88.647484,210.5919,373.38947,-88.65619,202.095,370.9027,-85.06522,200.70958,370.18954,-85.07042,199.46594,368.4951,-85.12405,213.80421,369.15094,-124.40747,200.54971,357.12897,-107.81091,210.47011,365.45322,-77.50463,206.18608,358.16855,-72.73887,238.08809,339.36047,-113.51266,197.6713,320.8041,-88.539764,260.41757,323.78415,-52.113663,193.57016,285.4718,3.9179583,252.07411,360.91486,26.61593,195.83774,299.48328,93.44194,253.58203,373.23474,25.40873,197.04695,299.30115,100.08401,248.37791,373.5912,23.525406,200.47963,304.3664,90.15105,245.96153,367.99274,28.055311,201.9502,305.27267,91.9297,247.4787,260.4129,-0.25889823,226.11188,253.62636,0.22475553,255.43909,221.14632,126.70828,241.68835,220.20724,131.41753,262.4896,188.07416,258.8576,254.60652,185.79788,255.05664,265.9015,179.06967,273.88797,258.30588,178.80733,268.65012,258.87393,192.5917,274.53986,252.8202,186.88507,266.2373
